MonitoringID,Year,Month,Day,rain_mm,Date_bomrainfall,
BOM_087184,2020,1,1,0,1/1/2020,
BOM_087184,2020,1,2,0,2/1/2020,
BOM_087184,2020,1,3,0,3/1/2020,
BOM_087184,2020,1,4,0,4/1/2020,
BOM_087184,2020,1,5,1.2,5/1/2020,
BOM_087184,2020,1,6,0.8,6/1/2020,
BOM_087184,2020,1,7,0,7/1/2020,
BOM_087184,2020,1,8,0.4,8/1/2020,
BOM_087184,2020,1,9,0,9/1/2020,
BOM_087184,2020,1,10,0,10/1/2020,
BOM_087184,2020,1,11,12.2,11/1/2020,
BOM_087184,2020,1,12,0,12/1/2020,
BOM_087184,2020,1,13,0,13/1/2020,
BOM_087184,2020,1,14,0,14/1/2020,
BOM_087184,2020,1,15,0,15/1/2020,
BOM_087184,2020,1,16,18,16/1/2020,
BOM_087184,2020,1,17,0.8,17/1/2020,
BOM_087184,2020,1,18,0,18/1/2020,
BOM_087184,2020,1,19,0,19/1/2020,
BOM_087184,2020,1,20,0,20/1/2020,
BOM_087184,2020,1,21,0.8,21/1/2020,
BOM_087184,2020,1,22,0,22/1/2020,
BOM_087184,2020,1,23,34.6,23/1/2020,
BOM_087184,2020,1,24,5.2,24/1/2020,
BOM_087184,2020,1,25,0,25/1/2020,
BOM_087184,2020,1,26,0,26/1/2020,
BOM_087184,2020,1,27,0,27/1/2020,
BOM_087184,2020,1,28,0,28/1/2020,
BOM_087184,2020,1,29,0,29/1/2020,
BOM_087184,2020,1,30,0,30/1/2020,
BOM_087184,2020,1,31,0,31/1/2020,
BOM_087184,2020,2,1,11.6,1/2/2020,
BOM_087184,2020,2,2,12.6,2/2/2020,
BOM_087184,2020,2,3,0.2,3/2/2020,
BOM_087184,2020,2,4,0,4/2/2020,
BOM_087184,2020,2,5,0,5/2/2020,
BOM_087184,2020,2,6,0,6/2/2020,
BOM_087184,2020,2,7,0,7/2/2020,
BOM_087184,2020,2,8,0,8/2/2020,
BOM_087184,2020,2,9,0,9/2/2020,
BOM_087184,2020,2,10,0,10/2/2020,
BOM_087184,2020,2,11,0,11/2/2020,
BOM_087184,2020,2,12,1.4,12/2/2020,
BOM_087184,2020,2,13,0.2,13/2/2020,
BOM_087184,2020,2,14,0,14/2/2020,
BOM_087184,2020,2,15,11.4,15/2/2020,
BOM_087184,2020,2,16,0.6,16/2/2020,
BOM_087184,2020,2,17,0,17/2/2020,
BOM_087184,2020,2,18,2.2,18/2/2020,
BOM_087184,2020,2,19,37.6,19/2/2020,
BOM_087184,2020,2,20,2,20/2/2020,
BOM_087184,2020,2,21,0.4,21/2/2020,
BOM_087184,2020,2,22,0,22/2/2020,
BOM_087184,2020,2,23,0,23/2/2020,
BOM_087184,2020,2,24,0,24/2/2020,
BOM_087184,2020,2,25,2.6,25/2/2020,
BOM_087184,2020,2,26,0,26/2/2020,
BOM_087184,2020,2,27,0.4,27/2/2020,
BOM_087184,2020,2,28,0.2,28/2/2020,
BOM_087184,2020,2,29,0,29/2/2020,
BOM_087184,2020,3,1,0,1/3/2020,
BOM_087184,2020,3,2,3,2/3/2020,
BOM_087184,2020,3,3,0,3/3/2020,
BOM_087184,2020,3,4,0,4/3/2020,
BOM_087184,2020,3,5,17.4,5/3/2020,
BOM_087184,2020,3,6,3,6/3/2020,
BOM_087184,2020,3,7,0,7/3/2020,
BOM_087184,2020,3,8,0,8/3/2020,
BOM_087184,2020,3,9,0,9/3/2020,
BOM_087184,2020,3,10,0,10/3/2020,
BOM_087184,2020,3,11,0,11/3/2020,
BOM_087184,2020,3,12,0,12/3/2020,
BOM_087184,2020,3,13,0,13/3/2020,
BOM_087184,2020,3,14,0,14/3/2020,
BOM_087184,2020,3,15,0.8,15/3/2020,
BOM_087184,2020,3,16,0,16/3/2020,
BOM_087184,2020,3,17,0,17/3/2020,
BOM_087184,2020,3,18,0,18/3/2020,
BOM_087184,2020,3,19,0,19/3/2020,
BOM_087184,2020,3,20,0,20/3/2020,
BOM_087184,2020,3,21,0,21/3/2020,
BOM_087184,2020,3,22,0,22/3/2020,
BOM_087184,2020,3,23,0.2,23/3/2020,
BOM_087184,2020,3,24,0,24/3/2020,
BOM_087184,2020,3,25,0,25/3/2020,
BOM_087184,2020,3,26,0.2,26/3/2020,
BOM_087184,2020,3,27,0,27/3/2020,
BOM_087184,2020,3,28,0,28/3/2020,
BOM_087184,2020,3,29,0,29/3/2020,
BOM_087184,2020,3,30,7,30/3/2020,
BOM_087184,2020,3,31,0,31/3/2020,
BOM_087184,2020,4,1,0,1/4/2020,
BOM_087184,2020,4,2,17.6,2/4/2020,
BOM_087184,2020,4,3,3.6,3/4/2020,
BOM_087184,2020,4,4,24.2,4/4/2020,
BOM_087184,2020,4,5,7,5/4/2020,
BOM_087184,2020,4,6,5.4,6/4/2020,
BOM_087184,2020,4,7,0,7/4/2020,
BOM_087184,2020,4,8,1.2,8/4/2020,
BOM_087184,2020,4,9,0.2,9/4/2020,
BOM_087184,2020,4,10,0,10/4/2020,
BOM_087184,2020,4,11,1,11/4/2020,
BOM_087184,2020,4,12,1.4,12/4/2020,
BOM_087184,2020,4,13,0,13/4/2020,
BOM_087184,2020,4,14,0,14/4/2020,
BOM_087184,2020,4,15,0,15/4/2020,
BOM_087184,2020,4,16,0.8,16/4/2020,
BOM_087184,2020,4,17,0,17/4/2020,
BOM_087184,2020,4,18,0.6,18/4/2020,
BOM_087184,2020,4,19,0,19/4/2020,
BOM_087184,2020,4,20,4.6,20/4/2020,
BOM_087184,2020,4,21,0,21/4/2020,
BOM_087184,2020,4,22,0,22/4/2020,
BOM_087184,2020,4,23,0,23/4/2020,
BOM_087184,2020,4,24,0.4,24/4/2020,
BOM_087184,2020,4,25,0.2,25/4/2020,
BOM_087184,2020,4,26,4.4,26/4/2020,
BOM_087184,2020,4,27,0,27/4/2020,
BOM_087184,2020,4,28,0,28/4/2020,
BOM_087184,2020,4,29,0,29/4/2020,
BOM_087184,2020,4,30,12.4,30/4/2020,
BOM_087184,2020,5,1,5.6,1/5/2020,
BOM_087184,2020,5,2,0.2,2/5/2020,
BOM_087184,2020,5,3,0.4,3/5/2020,
BOM_087184,2020,5,4,0.4,4/5/2020,
BOM_087184,2020,5,5,1,5/5/2020,
BOM_087184,2020,5,6,,6/5/2020,
BOM_087184,2020,5,7,0,7/5/2020,
BOM_087184,2020,5,8,0,8/5/2020,
BOM_087184,2020,5,9,1.8,9/5/2020,
BOM_087184,2020,5,10,2.4,10/5/2020,
BOM_087184,2020,5,11,0.4,11/5/2020,
BOM_087184,2020,5,12,0,12/5/2020,
BOM_087184,2020,5,13,1.4,13/5/2020,
BOM_087184,2020,5,14,0,14/5/2020,
BOM_087184,2020,5,15,0,15/5/2020,
BOM_087184,2020,5,16,0,16/5/2020,
BOM_087184,2020,5,17,0,17/5/2020,
BOM_087184,2020,5,18,0.2,18/5/2020,
BOM_087184,2020,5,19,0,19/5/2020,
BOM_087184,2020,5,20,9.6,20/5/2020,
BOM_087184,2020,5,21,2.8,21/5/2020,
BOM_087184,2020,5,22,0.2,22/5/2020,
BOM_087184,2020,5,23,0.2,23/5/2020,
BOM_087184,2020,5,24,2,24/5/2020,
BOM_087184,2020,5,25,0,25/5/2020,
BOM_087184,2020,5,26,0,26/5/2020,
BOM_087184,2020,5,27,0,27/5/2020,
BOM_087184,2020,5,28,0,28/5/2020,
BOM_087184,2020,5,29,0,29/5/2020,
BOM_087184,2020,5,30,0,30/5/2020,
BOM_087184,2020,5,31,0,31/5/2020,
BOM_087184,2020,6,1,2,1/6/2020,
BOM_087184,2020,6,2,1.8,2/6/2020,
BOM_087184,2020,6,3,0,3/6/2020,
BOM_087184,2020,6,4,0,4/6/2020,
BOM_087184,2020,6,5,0,5/6/2020,
BOM_087184,2020,6,6,0,6/6/2020,
BOM_087184,2020,6,7,6.4,7/6/2020,
BOM_087184,2020,6,8,0.2,8/6/2020,
BOM_087184,2020,6,9,0,9/6/2020,
BOM_087184,2020,6,10,0,10/6/2020,
BOM_087184,2020,6,11,0.2,11/6/2020,
BOM_087184,2020,6,12,0,12/6/2020,
BOM_087184,2020,6,13,0,13/6/2020,
BOM_087184,2020,6,14,0,14/6/2020,
BOM_087184,2020,6,15,3,15/6/2020,
BOM_087184,2020,6,16,0.6,16/6/2020,
BOM_087184,2020,6,17,1.2,17/6/2020,
BOM_087184,2020,6,18,0,18/6/2020,
BOM_087184,2020,6,19,0,19/6/2020,
BOM_087184,2020,6,20,1.2,20/6/2020,
BOM_087184,2020,6,21,0,21/6/2020,
BOM_087184,2020,6,22,0,22/6/2020,
BOM_087184,2020,6,23,2,23/6/2020,
BOM_087184,2020,6,24,0.2,24/6/2020,
BOM_087184,2020,6,25,0,25/6/2020,
BOM_087184,2020,6,26,1.6,26/6/2020,
BOM_087184,2020,6,27,0,27/6/2020,
BOM_087184,2020,6,28,0,28/6/2020,
BOM_087184,2020,6,29,0,29/6/2020,
BOM_087184,2020,6,30,0.2,30/6/2020,
BOM_087184,2020,7,1,0,1/7/2020,
BOM_087184,2020,7,2,3,2/7/2020,
BOM_087184,2020,7,3,0.2,3/7/2020,
BOM_087184,2020,7,4,7.2,4/7/2020,
BOM_087184,2020,7,5,0.2,5/7/2020,
BOM_087184,2020,7,6,0.4,6/7/2020,
BOM_087184,2020,7,7,0.4,7/7/2020,
BOM_087184,2020,7,8,0.6,8/7/2020,
BOM_087184,2020,7,9,0.2,9/7/2020,
BOM_087184,2020,7,10,0,10/7/2020,
BOM_087184,2020,7,11,0,11/7/2020,
BOM_087184,2020,7,12,0.4,12/7/2020,
BOM_087184,2020,7,13,0,13/7/2020,
BOM_087184,2020,7,14,0,14/7/2020,
BOM_087184,2020,7,15,0,15/7/2020,
BOM_087184,2020,7,16,0.4,16/7/2020,
BOM_087184,2020,7,17,,17/7/2020,
BOM_087184,2020,7,18,0.2,18/7/2020,
BOM_087184,2020,7,19,0,19/7/2020,
BOM_087184,2020,7,20,3.2,20/7/2020,
BOM_087184,2020,7,21,0,21/7/2020,
BOM_087184,2020,7,22,0,22/7/2020,
BOM_087184,2020,7,23,1.8,23/7/2020,
BOM_087184,2020,7,24,0,24/7/2020,
BOM_087184,2020,7,25,0,25/7/2020,
BOM_087184,2020,7,26,0,26/7/2020,
BOM_087184,2020,7,27,0,27/7/2020,
BOM_087184,2020,7,28,0.2,28/7/2020,
BOM_087184,2020,7,29,0,29/7/2020,
BOM_087184,2020,7,30,0.2,30/7/2020,
BOM_087184,2020,7,31,0.2,31/7/2020,
BOM_087184,2020,8,1,0,1/8/2020,
BOM_087184,2020,8,2,0,2/8/2020,
BOM_087184,2020,8,3,0,3/8/2020,
BOM_087184,2020,8,4,0.2,4/8/2020,
BOM_087184,2020,8,5,13.4,5/8/2020,
BOM_087184,2020,8,6,0.8,6/8/2020,
BOM_087184,2020,8,7,0,7/8/2020,
BOM_087184,2020,8,8,6.4,8/8/2020,
BOM_087184,2020,8,9,1.6,9/8/2020,
BOM_087184,2020,8,10,0.2,10/8/2020,
BOM_087184,2020,8,11,0.2,11/8/2020,
BOM_087184,2020,8,12,1.4,12/8/2020,
BOM_087184,2020,8,13,2,13/8/2020,
BOM_087184,2020,8,14,0,14/8/2020,
BOM_087184,2020,8,15,0.4,15/8/2020,
BOM_087184,2020,8,16,0.2,16/8/2020,
BOM_087184,2020,8,17,0,17/8/2020,
BOM_087184,2020,8,18,0.2,18/8/2020,
BOM_087184,2020,8,19,2.4,19/8/2020,
BOM_087184,2020,8,20,0.6,20/8/2020,
BOM_087184,2020,8,21,3.8,21/8/2020,
BOM_087184,2020,8,22,2.2,22/8/2020,
BOM_087184,2020,8,23,19.6,23/8/2020,
BOM_087184,2020,8,24,1,24/8/2020,
BOM_087184,2020,8,25,1.6,25/8/2020,
BOM_087184,2020,8,26,0,26/8/2020,
BOM_087184,2020,8,27,0,27/8/2020,
BOM_087184,2020,8,28,2.2,28/8/2020,
BOM_087184,2020,8,29,0.2,29/8/2020,
BOM_087184,2020,8,30,0,30/8/2020,
BOM_087184,2020,8,31,0,31/8/2020,
BOM_087184,2020,9,1,0.4,1/9/2020,
BOM_087184,2020,9,2,0,2/9/2020,
BOM_087184,2020,9,3,0.8,3/9/2020,
BOM_087184,2020,9,4,0.4,4/9/2020,
BOM_087184,2020,9,5,1.4,5/9/2020,
BOM_087184,2020,9,6,0,6/9/2020,
BOM_087184,2020,9,7,0,7/9/2020,
BOM_087184,2020,9,8,0,8/9/2020,
BOM_087184,2020,9,9,0.4,9/9/2020,
BOM_087184,2020,9,10,0,10/9/2020,
BOM_087184,2020,9,11,0.2,11/9/2020,
BOM_087184,2020,9,12,11.6,12/9/2020,
BOM_087184,2020,9,13,35.4,13/9/2020,
BOM_087184,2020,9,14,0,14/9/2020,
BOM_087184,2020,9,15,0,15/9/2020,
BOM_087184,2020,9,16,0,16/9/2020,
BOM_087184,2020,9,17,5.8,17/9/2020,
BOM_087184,2020,9,18,0.8,18/9/2020,
BOM_087184,2020,9,19,0.2,19/9/2020,
BOM_087184,2020,9,20,0,20/9/2020,
BOM_087184,2020,9,21,5.6,21/9/2020,
BOM_087184,2020,9,22,0,22/9/2020,
BOM_087184,2020,9,23,1.4,23/9/2020,
BOM_087184,2020,9,24,1.8,24/9/2020,
BOM_087184,2020,9,25,1.4,25/9/2020,
BOM_087184,2020,9,26,13.2,26/9/2020,
BOM_087184,2020,9,27,1.8,27/9/2020,
BOM_087184,2020,9,28,0.2,28/9/2020,
BOM_087184,2020,9,29,0,29/9/2020,
BOM_087184,2020,9,30,2,30/9/2020,
BOM_087184,2020,10,1,11,1/10/2020,
BOM_087184,2020,10,2,0.2,2/10/2020,
BOM_087184,2020,10,3,0,3/10/2020,
BOM_087184,2020,10,4,0,4/10/2020,
BOM_087184,2020,10,5,12.8,5/10/2020,
BOM_087184,2020,10,6,0.4,6/10/2020,
BOM_087184,2020,10,7,2.6,7/10/2020,
BOM_087184,2020,10,8,11.6,8/10/2020,
BOM_087184,2020,10,9,8.8,9/10/2020,
BOM_087184,2020,10,10,0,10/10/2020,
BOM_087184,2020,10,11,0,11/10/2020,
BOM_087184,2020,10,12,0,12/10/2020,
BOM_087184,2020,10,13,0,13/10/2020,
BOM_087184,2020,10,14,0,14/10/2020,
BOM_087184,2020,10,15,0,15/10/2020,
BOM_087184,2020,10,16,1.6,16/10/2020,
BOM_087184,2020,10,17,8.8,17/10/2020,
BOM_087184,2020,10,18,0.2,18/10/2020,
BOM_087184,2020,10,19,0,19/10/2020,
BOM_087184,2020,10,20,0.2,20/10/2020,
BOM_087184,2020,10,21,0,21/10/2020,
BOM_087184,2020,10,22,0,22/10/2020,
BOM_087184,2020,10,23,0.2,23/10/2020,
BOM_087184,2020,10,24,20.8,24/10/2020,
BOM_087184,2020,10,25,0.4,25/10/2020,
BOM_087184,2020,10,26,0.2,26/10/2020,
BOM_087184,2020,10,27,0,27/10/2020,
BOM_087184,2020,10,28,0,28/10/2020,
BOM_087184,2020,10,29,0,29/10/2020,
BOM_087184,2020,10,30,0.8,30/10/2020,
BOM_087184,2020,10,31,0,31/10/2020,
BOM_087184,2020,11,1,0,1/11/2020,
BOM_087184,2020,11,2,0,2/11/2020,
BOM_087184,2020,11,3,0,3/11/2020,
BOM_087184,2020,11,4,0,4/11/2020,
BOM_087184,2020,11,5,3.4,5/11/2020,
BOM_087184,2020,11,6,0,6/11/2020,
BOM_087184,2020,11,7,0.8,7/11/2020,
BOM_087184,2020,11,8,0,8/11/2020,
BOM_087184,2020,11,9,0,9/11/2020,
BOM_087184,2020,11,10,0,10/11/2020,
BOM_087184,2020,11,11,0,11/11/2020,
BOM_087184,2020,11,12,12,12/11/2020,
BOM_087184,2020,11,13,0,13/11/2020,
BOM_087184,2020,11,14,2.2,14/11/2020,
BOM_087184,2020,11,15,0.2,15/11/2020,
BOM_087184,2020,11,16,0,16/11/2020,
BOM_087184,2020,11,17,0,17/11/2020,
BOM_087184,2020,11,18,0,18/11/2020,
BOM_087184,2020,11,19,0,19/11/2020,
BOM_087184,2020,11,20,0,20/11/2020,
BOM_087184,2020,11,21,0,21/11/2020,
BOM_087184,2020,11,22,0,22/11/2020,
BOM_087184,2020,11,23,36.4,23/11/2020,
BOM_087184,2020,11,24,0.2,24/11/2020,
BOM_087184,2020,11,25,0,25/11/2020,
BOM_087184,2020,11,26,0,26/11/2020,
BOM_087184,2020,11,27,0,27/11/2020,
BOM_087184,2020,11,28,0,28/11/2020,
BOM_087184,2020,11,29,8.2,29/11/2020,
BOM_087184,2020,11,30,0,30/11/2020,
BOM_087184,2020,12,1,0,1/12/2020,
BOM_087184,2020,12,2,0.6,2/12/2020,
BOM_087184,2020,12,3,0,3/12/2020,
BOM_087184,2020,12,4,0,4/12/2020,
BOM_087184,2020,12,5,0,5/12/2020,
BOM_087184,2020,12,6,2.4,6/12/2020,
BOM_087184,2020,12,7,4,7/12/2020,
BOM_087184,2020,12,8,0.2,8/12/2020,
BOM_087184,2020,12,9,0.2,9/12/2020,
BOM_087184,2020,12,10,0.4,10/12/2020,
BOM_087184,2020,12,11,0,11/12/2020,
BOM_087184,2020,12,12,0,12/12/2020,
BOM_087184,2020,12,13,0,13/12/2020,
BOM_087184,2020,12,14,0,14/12/2020,
BOM_087184,2020,12,15,0,15/12/2020,
BOM_087184,2020,12,16,0,16/12/2020,
BOM_087184,2020,12,17,0.6,17/12/2020,
BOM_087184,2020,12,18,1,18/12/2020,
BOM_087184,2020,12,19,0,19/12/2020,
BOM_087184,2020,12,20,0,20/12/2020,
BOM_087184,2020,12,21,0,21/12/2020,
BOM_087184,2020,12,22,22.2,22/12/2020,
BOM_087184,2020,12,23,5.4,23/12/2020,
BOM_087184,2020,12,24,0.2,24/12/2020,
BOM_087184,2020,12,25,0,25/12/2020,
BOM_087184,2020,12,26,0,26/12/2020,
BOM_087184,2020,12,27,0,27/12/2020,
BOM_087184,2020,12,28,1.4,28/12/2020,
BOM_087184,2020,12,29,0,29/12/2020,
BOM_087184,2020,12,30,0,30/12/2020,
BOM_087184,2020,12,31,0,31/12/2020,
BOM_087184,2021,1,1,0,1/1/2021,
BOM_087184,2021,1,2,0,2/1/2021,
BOM_087184,2021,1,3,19,3/1/2021,
BOM_087184,2021,1,4,11.2,4/1/2021,
BOM_087184,2021,1,5,9,5/1/2021,
BOM_087184,2021,1,6,0,6/1/2021,
BOM_087184,2021,1,7,0.2,7/1/2021,
BOM_087184,2021,1,8,0,8/1/2021,
BOM_087184,2021,1,9,0,9/1/2021,
BOM_087184,2021,1,10,0,10/1/2021,
BOM_087184,2021,1,11,0,11/1/2021,
BOM_087184,2021,1,12,0,12/1/2021,
BOM_087184,2021,1,13,0,13/1/2021,
BOM_087184,2021,1,14,0,14/1/2021,
BOM_087184,2021,1,15,0,15/1/2021,
BOM_087184,2021,1,16,3.4,16/1/2021,
BOM_087184,2021,1,17,0.2,17/1/2021,
BOM_087184,2021,1,18,0,18/1/2021,
BOM_087184,2021,1,19,0,19/1/2021,
BOM_087184,2021,1,20,0,20/1/2021,
BOM_087184,2021,1,21,0,21/1/2021,
BOM_087184,2021,1,22,0,22/1/2021,
BOM_087184,2021,1,23,0,23/1/2021,
BOM_087184,2021,1,24,0,24/1/2021,
BOM_087184,2021,1,25,0,25/1/2021,
BOM_087184,2021,1,26,2,26/1/2021,
BOM_087184,2021,1,27,0,27/1/2021,
BOM_087184,2021,1,28,0,28/1/2021,
BOM_087184,2021,1,29,20.2,29/1/2021,
BOM_087184,2021,1,30,19.8,30/1/2021,
BOM_087184,2021,1,31,0,31/1/2021,
BOM_087184,2021,2,1,0,1/2/2021,
BOM_087184,2021,2,2,0,2/2/2021,
BOM_087184,2021,2,3,0,3/2/2021,
BOM_087184,2021,2,4,0,4/2/2021,
BOM_087184,2021,2,5,1.2,5/2/2021,
BOM_087184,2021,2,6,0,6/2/2021,
BOM_087184,2021,2,7,1.4,7/2/2021,
BOM_087184,2021,2,8,0,8/2/2021,
BOM_087184,2021,2,9,0,9/2/2021,
BOM_087184,2021,2,10,0,10/2/2021,
BOM_087184,2021,2,11,0,11/2/2021,
BOM_087184,2021,2,12,2.6,12/2/2021,
BOM_087184,2021,2,13,0,13/2/2021,
BOM_087184,2021,2,14,0,14/2/2021,
BOM_087184,2021,2,15,0,15/2/2021,
BOM_087184,2021,2,16,0,16/2/2021,
BOM_087184,2021,2,17,0,17/2/2021,
BOM_087184,2021,2,18,0,18/2/2021,
BOM_087184,2021,2,19,0,19/2/2021,
BOM_087184,2021,2,20,0,20/2/2021,
BOM_087184,2021,2,21,0,21/2/2021,
BOM_087184,2021,2,22,0,22/2/2021,
BOM_087184,2021,2,23,0.4,23/2/2021,
BOM_087184,2021,2,24,0,24/2/2021,
BOM_087184,2021,2,25,0,25/2/2021,
BOM_087184,2021,2,26,0.2,26/2/2021,
BOM_087184,2021,2,27,0.2,27/2/2021,
BOM_087184,2021,2,28,0,28/2/2021,
BOM_087184,2021,3,1,,1/3/2021,
BOM_087184,2021,3,2,0.4,2/3/2021,
BOM_087184,2021,3,3,0,3/3/2021,
BOM_087184,2021,3,4,0,4/3/2021,
BOM_087184,2021,3,5,0.8,5/3/2021,
BOM_087184,2021,3,6,0,6/3/2021,
BOM_087184,2021,3,7,0,7/3/2021,
BOM_087184,2021,3,8,0,8/3/2021,
BOM_087184,2021,3,9,1,9/3/2021,
BOM_087184,2021,3,10,0,10/3/2021,
BOM_087184,2021,3,11,0,11/3/2021,
BOM_087184,2021,3,12,0,12/3/2021,
BOM_087184,2021,3,13,0,13/3/2021,
BOM_087184,2021,3,14,8.2,14/3/2021,
BOM_087184,2021,3,15,0,15/3/2021,
BOM_087184,2021,3,16,0,16/3/2021,
BOM_087184,2021,3,17,0,17/3/2021,
BOM_087184,2021,3,18,0,18/3/2021,
BOM_087184,2021,3,19,0,19/3/2021,
BOM_087184,2021,3,20,0,20/3/2021,
BOM_087184,2021,3,21,0,21/3/2021,
BOM_087184,2021,3,22,3.8,22/3/2021,
BOM_087184,2021,3,23,9.2,23/3/2021,
BOM_087184,2021,3,24,2.6,24/3/2021,
BOM_087184,2021,3,25,1.6,25/3/2021,
BOM_087184,2021,3,26,0.4,26/3/2021,
BOM_087184,2021,3,27,0,27/3/2021,
BOM_087184,2021,3,28,0,28/3/2021,
BOM_087184,2021,3,29,0.4,29/3/2021,
BOM_087184,2021,3,30,0.2,30/3/2021,
BOM_087184,2021,3,31,0,31/3/2021,
BOM_087184,2021,4,1,0,1/4/2021,
BOM_087184,2021,4,2,0,2/4/2021,
BOM_087184,2021,4,3,0,3/4/2021,
BOM_087184,2021,4,4,0,4/4/2021,
BOM_087184,2021,4,5,0,5/4/2021,
BOM_087184,2021,4,6,0,6/4/2021,
BOM_087184,2021,4,7,0,7/4/2021,
BOM_087184,2021,4,8,0,8/4/2021,
BOM_087184,2021,4,9,1.8,9/4/2021,
BOM_087184,2021,4,10,0.2,10/4/2021,
BOM_087184,2021,4,11,3,11/4/2021,
BOM_087184,2021,4,12,6,12/4/2021,
BOM_087184,2021,4,13,0.2,13/4/2021,
BOM_087184,2021,4,14,0.4,14/4/2021,
BOM_087184,2021,4,15,0.2,15/4/2021,
BOM_087184,2021,4,16,0,16/4/2021,
BOM_087184,2021,4,17,0,17/4/2021,
BOM_087184,2021,4,18,0,18/4/2021,
BOM_087184,2021,4,19,0,19/4/2021,
BOM_087184,2021,4,20,0,20/4/2021,
BOM_087184,2021,4,21,3,21/4/2021,
BOM_087184,2021,4,22,0,22/4/2021,
BOM_087184,2021,4,23,0.2,23/4/2021,
BOM_087184,2021,4,24,0,24/4/2021,
BOM_087184,2021,4,25,0.2,25/4/2021,
BOM_087184,2021,4,26,0,26/4/2021,
BOM_087184,2021,4,27,0.6,27/4/2021,
BOM_087184,2021,4,28,0,28/4/2021,
BOM_087184,2021,4,29,0,29/4/2021,
BOM_087184,2021,4,30,0,30/4/2021,
BOM_087184,2021,5,1,0,1/5/2021,
BOM_087184,2021,5,2,0,2/5/2021,
BOM_087184,2021,5,3,0.6,3/5/2021,
BOM_087184,2021,5,4,31.4,4/5/2021,
BOM_087184,2021,5,5,3.2,5/5/2021,
BOM_087184,2021,5,6,0,6/5/2021,
BOM_087184,2021,5,7,0,7/5/2021,
BOM_087184,2021,5,8,0,8/5/2021,
BOM_087184,2021,5,9,0,9/5/2021,
BOM_087184,2021,5,10,0,10/5/2021,
BOM_087184,2021,5,11,3.4,11/5/2021,
BOM_087184,2021,5,12,0.6,12/5/2021,
BOM_087184,2021,5,13,0.2,13/5/2021,
BOM_087184,2021,5,14,1.4,14/5/2021,
BOM_087184,2021,5,15,8,15/5/2021,
BOM_087184,2021,5,16,1.2,16/5/2021,
BOM_087184,2021,5,17,0.8,17/5/2021,
BOM_087184,2021,5,18,0,18/5/2021,
BOM_087184,2021,5,19,0,19/5/2021,
BOM_087184,2021,5,20,0,20/5/2021,
BOM_087184,2021,5,21,0,21/5/2021,
BOM_087184,2021,5,22,0,22/5/2021,
BOM_087184,2021,5,23,0,23/5/2021,
BOM_087184,2021,5,24,0,24/5/2021,
BOM_087184,2021,5,25,0,25/5/2021,
BOM_087184,2021,5,26,5,26/5/2021,
BOM_087184,2021,5,27,0.4,27/5/2021,
BOM_087184,2021,5,28,0,28/5/2021,
BOM_087184,2021,5,29,0,29/5/2021,
BOM_087184,2021,5,30,0,30/5/2021,
BOM_087184,2021,5,31,0.2,31/5/2021,
BOM_087184,2021,6,1,0,1/6/2021,
BOM_087184,2021,6,2,0,2/6/2021,
BOM_087184,2021,6,3,0,3/6/2021,
BOM_087184,2021,6,4,0.6,4/6/2021,
BOM_087184,2021,6,5,0,5/6/2021,
BOM_087184,2021,6,6,0.8,6/6/2021,
BOM_087184,2021,6,7,0,7/6/2021,
BOM_087184,2021,6,8,2.2,8/6/2021,
BOM_087184,2021,6,9,9,9/6/2021,
BOM_087184,2021,6,10,9.2,10/6/2021,
BOM_087184,2021,6,11,2.8,11/6/2021,
BOM_087184,2021,6,12,0.6,12/6/2021,
BOM_087184,2021,6,13,0,13/6/2021,
BOM_087184,2021,6,14,0,14/6/2021,
BOM_087184,2021,6,15,0,15/6/2021,
BOM_087184,2021,6,16,3.4,16/6/2021,
BOM_087184,2021,6,17,0,17/6/2021,
BOM_087184,2021,6,18,0,18/6/2021,
BOM_087184,2021,6,19,2.2,19/6/2021,
BOM_087184,2021,6,20,0.2,20/6/2021,
BOM_087184,2021,6,21,0.2,21/6/2021,
BOM_087184,2021,6,22,0,22/6/2021,
BOM_087184,2021,6,23,0,23/6/2021,
BOM_087184,2021,6,24,0,24/6/2021,
BOM_087184,2021,6,25,15.2,25/6/2021,
BOM_087184,2021,6,26,2,26/6/2021,
BOM_087184,2021,6,27,0,27/6/2021,
BOM_087184,2021,6,28,0,28/6/2021,
BOM_087184,2021,6,29,0,29/6/2021,
BOM_087184,2021,6,30,0.2,30/6/2021,
BOM_087184,2021,7,1,0,1/7/2021,
BOM_087184,2021,7,2,0.6,2/7/2021,
BOM_087184,2021,7,3,2.6,3/7/2021,
BOM_087184,2021,7,4,1,4/7/2021,
BOM_087184,2021,7,5,0,5/7/2021,
BOM_087184,2021,7,6,0,6/7/2021,
BOM_087184,2021,7,7,0,7/7/2021,
BOM_087184,2021,7,8,0,8/7/2021,
BOM_087184,2021,7,9,0,9/7/2021,
BOM_087184,2021,7,10,0,10/7/2021,
BOM_087184,2021,7,11,0.2,11/7/2021,
BOM_087184,2021,7,12,0,12/7/2021,
BOM_087184,2021,7,13,3.4,13/7/2021,
BOM_087184,2021,7,14,1.8,14/7/2021,
BOM_087184,2021,7,15,1.2,15/7/2021,
BOM_087184,2021,7,16,0,16/7/2021,
BOM_087184,2021,7,17,0,17/7/2021,
BOM_087184,2021,7,18,1,18/7/2021,
BOM_087184,2021,7,19,0,19/7/2021,
BOM_087184,2021,7,20,0.2,20/7/2021,
BOM_087184,2021,7,21,12.8,21/7/2021,
BOM_087184,2021,7,22,0,22/7/2021,
BOM_087184,2021,7,23,0,23/7/2021,
BOM_087184,2021,7,24,0,24/7/2021,
BOM_087184,2021,7,25,4.8,25/7/2021,
BOM_087184,2021,7,26,3,26/7/2021,
BOM_087184,2021,7,27,1.6,27/7/2021,
BOM_087184,2021,7,28,0,28/7/2021,
BOM_087184,2021,7,29,2.4,29/7/2021,
BOM_087184,2021,7,30,0,30/7/2021,
BOM_087184,2021,7,31,0,31/7/2021,
BOM_087184,2021,8,1,8.2,1/8/2021,
BOM_087184,2021,8,2,0,2/8/2021,
BOM_087184,2021,8,3,0.6,3/8/2021,
BOM_087184,2021,8,4,0,4/8/2021,
BOM_087184,2021,8,5,0.2,5/8/2021,
BOM_087184,2021,8,6,0.2,6/8/2021,
BOM_087184,2021,8,7,0,7/8/2021,
BOM_087184,2021,8,8,0.2,8/8/2021,
BOM_087184,2021,8,9,0,9/8/2021,
BOM_087184,2021,8,10,0,10/8/2021,
BOM_087184,2021,8,11,0.2,11/8/2021,
BOM_087184,2021,8,12,3.8,12/8/2021,
BOM_087184,2021,8,13,0,13/8/2021,
BOM_087184,2021,8,14,0,14/8/2021,
BOM_087184,2021,8,15,0,15/8/2021,
BOM_087184,2021,8,16,0.4,16/8/2021,
BOM_087184,2021,8,17,0,17/8/2021,
BOM_087184,2021,8,18,0,18/8/2021,
BOM_087184,2021,8,19,0.2,19/8/2021,
BOM_087184,2021,8,20,0.4,20/8/2021,
BOM_087184,2021,8,21,0,21/8/2021,
BOM_087184,2021,8,22,0,22/8/2021,
BOM_087184,2021,8,23,2.2,23/8/2021,
BOM_087184,2021,8,24,4.2,24/8/2021,
BOM_087184,2021,8,25,0.6,25/8/2021,
BOM_087184,2021,8,26,0.2,26/8/2021,
BOM_087184,2021,8,27,0,27/8/2021,
BOM_087184,2021,8,28,0,28/8/2021,
BOM_087184,2021,8,29,1.8,29/8/2021,
BOM_087184,2021,8,30,0,30/8/2021,
BOM_087184,2021,8,31,0,31/8/2021,
BOM_087184,2021,9,1,0,1/9/2021,
BOM_087184,2021,9,2,0,2/9/2021,
BOM_087184,2021,9,3,4.8,3/9/2021,
BOM_087184,2021,9,4,23.2,4/9/2021,
BOM_087184,2021,9,5,0,5/9/2021,
BOM_087184,2021,9,6,0.6,6/9/2021,
BOM_087184,2021,9,7,0,7/9/2021,
BOM_087184,2021,9,8,0,8/9/2021,
BOM_087184,2021,9,9,0,9/9/2021,
BOM_087184,2021,9,10,0,10/9/2021,
BOM_087184,2021,9,11,0,11/9/2021,
BOM_087184,2021,9,12,0,12/9/2021,
BOM_087184,2021,9,13,3.6,13/9/2021,
BOM_087184,2021,9,14,1,14/9/2021,
BOM_087184,2021,9,15,0,15/9/2021,
BOM_087184,2021,9,16,0,16/9/2021,
BOM_087184,2021,9,17,0,17/9/2021,
BOM_087184,2021,9,18,0,18/9/2021,
BOM_087184,2021,9,19,1.4,19/9/2021,
BOM_087184,2021,9,20,3.4,20/9/2021,
BOM_087184,2021,9,21,9.4,21/9/2021,
BOM_087184,2021,9,22,0.4,22/9/2021,
BOM_087184,2021,9,23,0,23/9/2021,
BOM_087184,2021,9,24,0,24/9/2021,
BOM_087184,2021,9,25,0.8,25/9/2021,
BOM_087184,2021,9,26,0.4,26/9/2021,
BOM_087184,2021,9,27,0.2,27/9/2021,
BOM_087184,2021,9,28,0,28/9/2021,
BOM_087184,2021,9,29,0,29/9/2021,
BOM_087184,2021,9,30,3.6,30/9/2021,
BOM_087184,2021,10,1,15.6,1/10/2021,
BOM_087184,2021,10,2,1.6,2/10/2021,
BOM_087184,2021,10,3,1,3/10/2021,
BOM_087184,2021,10,4,1,4/10/2021,
BOM_087184,2021,10,5,1,5/10/2021,
BOM_087184,2021,10,6,0,6/10/2021,
BOM_087184,2021,10,7,5.2,7/10/2021,
BOM_087184,2021,10,8,0.2,8/10/2021,
BOM_087184,2021,10,9,0.2,9/10/2021,
BOM_087184,2021,10,10,0,10/10/2021,
BOM_087184,2021,10,11,0.2,11/10/2021,
BOM_087184,2021,10,12,0,12/10/2021,
BOM_087184,2021,10,13,0,13/10/2021,
BOM_087184,2021,10,14,13.8,14/10/2021,
BOM_087184,2021,10,15,6,15/10/2021,
BOM_087184,2021,10,16,15,16/10/2021,
BOM_087184,2021,10,17,0,17/10/2021,
BOM_087184,2021,10,18,0,18/10/2021,
BOM_087184,2021,10,19,1.4,19/10/2021,
BOM_087184,2021,10,20,0.2,20/10/2021,
BOM_087184,2021,10,21,0,21/10/2021,
BOM_087184,2021,10,22,0,22/10/2021,
BOM_087184,2021,10,23,26.8,23/10/2021,
BOM_087184,2021,10,24,2.8,24/10/2021,
BOM_087184,2021,10,25,0.2,25/10/2021,
BOM_087184,2021,10,26,0,26/10/2021,
BOM_087184,2021,10,27,0,27/10/2021,
BOM_087184,2021,10,28,1,28/10/2021,
BOM_087184,2021,10,29,18.6,29/10/2021,
BOM_087184,2021,10,30,1.2,30/10/2021,
BOM_087184,2021,10,31,0.6,31/10/2021,
BOM_087184,2021,11,1,0,1/11/2021,
BOM_087184,2021,11,2,0,2/11/2021,
BOM_087184,2021,11,3,0,3/11/2021,
BOM_087184,2021,11,4,15.6,4/11/2021,
BOM_087184,2021,11,5,0,5/11/2021,
BOM_087184,2021,11,6,0.2,6/11/2021,
BOM_087184,2021,11,7,4,7/11/2021,
BOM_087184,2021,11,8,0,8/11/2021,
BOM_087184,2021,11,9,0,9/11/2021,
BOM_087184,2021,11,10,9,10/11/2021,
BOM_087184,2021,11,11,0,11/11/2021,
BOM_087184,2021,11,12,2,12/11/2021,
BOM_087184,2021,11,13,25.6,13/11/2021,
BOM_087184,2021,11,14,0.6,14/11/2021,
BOM_087184,2021,11,15,11.8,15/11/2021,
BOM_087184,2021,11,16,2,16/11/2021,
BOM_087184,2021,11,17,0.2,17/11/2021,
BOM_087184,2021,11,18,0,18/11/2021,
BOM_087184,2021,11,19,0.6,19/11/2021,
BOM_087184,2021,11,20,0,20/11/2021,
BOM_087184,2021,11,21,0,21/11/2021,
BOM_087184,2021,11,22,0,22/11/2021,
BOM_087184,2021,11,23,0,23/11/2021,
BOM_087184,2021,11,24,1.2,24/11/2021,
BOM_087184,2021,11,25,0.2,25/11/2021,
BOM_087184,2021,11,26,1,26/11/2021,
BOM_087184,2021,11,27,0,27/11/2021,
BOM_087184,2021,11,28,0,28/11/2021,
BOM_087184,2021,11,29,0,29/11/2021,
BOM_087184,2021,11,30,0,30/11/2021,
BOM_087184,2021,12,1,0,1/12/2021,
BOM_087184,2021,12,2,0,2/12/2021,
BOM_087184,2021,12,3,3,3/12/2021,
BOM_087184,2021,12,4,0,4/12/2021,
BOM_087184,2021,12,5,0,5/12/2021,
BOM_087184,2021,12,6,0.2,6/12/2021,
BOM_087184,2021,12,7,0.6,7/12/2021,
BOM_087184,2021,12,8,3.4,8/12/2021,
BOM_087184,2021,12,9,20.4,9/12/2021,
BOM_087184,2021,12,10,0,10/12/2021,
BOM_087184,2021,12,11,0,11/12/2021,
BOM_087184,2021,12,12,0,12/12/2021,
BOM_087184,2021,12,13,0,13/12/2021,
BOM_087184,2021,12,14,,14/12/2021,
BOM_087184,2021,12,15,0,15/12/2021,
BOM_087184,2021,12,16,0,16/12/2021,
BOM_087184,2021,12,17,0,17/12/2021,
BOM_087184,2021,12,18,0,18/12/2021,
BOM_087184,2021,12,19,0.6,19/12/2021,
BOM_087184,2021,12,20,3.2,20/12/2021,
BOM_087184,2021,12,21,0,21/12/2021,
BOM_087184,2021,12,22,0,22/12/2021,
BOM_087184,2021,12,23,0,23/12/2021,
BOM_087184,2021,12,24,0,24/12/2021,
BOM_087184,2021,12,25,0,25/12/2021,
BOM_087184,2021,12,26,0,26/12/2021,
BOM_087184,2021,12,27,0,27/12/2021,
BOM_087184,2021,12,28,0,28/12/2021,
BOM_087184,2021,12,29,0,29/12/2021,
BOM_087184,2021,12,30,0,30/12/2021,
BOM_087184,2021,12,31,0,31/12/2021,
BOM_087184,2022,1,1,0,1/1/2022,
BOM_087184,2022,1,2,0,2/1/2022,
BOM_087184,2022,1,3,0,3/1/2022,
BOM_087184,2022,1,4,0,4/1/2022,
BOM_087184,2022,1,5,0.6,5/1/2022,
BOM_087184,2022,1,6,3.8,6/1/2022,
BOM_087184,2022,1,7,0.6,7/1/2022,
BOM_087184,2022,1,8,3.6,8/1/2022,
BOM_087184,2022,1,9,0,9/1/2022,
BOM_087184,2022,1,10,0,10/1/2022,
BOM_087184,2022,1,11,0,11/1/2022,
BOM_087184,2022,1,12,0,12/1/2022,
BOM_087184,2022,1,13,0,13/1/2022,
BOM_087184,2022,1,14,12.2,14/1/2022,
BOM_087184,2022,1,15,0,15/1/2022,
BOM_087184,2022,1,16,0,16/1/2022,
BOM_087184,2022,1,17,0,17/1/2022,
BOM_087184,2022,1,18,0,18/1/2022,
BOM_087184,2022,1,19,0,19/1/2022,
BOM_087184,2022,1,20,0,20/1/2022,
BOM_087184,2022,1,21,0,21/1/2022,
BOM_087184,2022,1,22,0,22/1/2022,
BOM_087184,2022,1,23,0,23/1/2022,
BOM_087184,2022,1,24,0,24/1/2022,
BOM_087184,2022,1,25,0,25/1/2022,
BOM_087184,2022,1,26,0,26/1/2022,
BOM_087184,2022,1,27,0,27/1/2022,
BOM_087184,2022,1,28,40.8,28/1/2022,
BOM_087184,2022,1,29,9.4,29/1/2022,
BOM_087184,2022,1,30,0,30/1/2022,
BOM_087184,2022,1,31,0,31/1/2022,
BOM_087184,2022,2,1,0,1/2/2022,
BOM_087184,2022,2,2,1.6,2/2/2022,
BOM_087184,2022,2,3,0,3/2/2022,
BOM_087184,2022,2,4,1.4,4/2/2022,
BOM_087184,2022,2,5,0,5/2/2022,
BOM_087184,2022,2,6,0,6/2/2022,
BOM_087184,2022,2,7,0,7/2/2022,
BOM_087184,2022,2,8,0,8/2/2022,
BOM_087184,2022,2,9,0,9/2/2022,
BOM_087184,2022,2,10,0,10/2/2022,
BOM_087184,2022,2,11,0,11/2/2022,
BOM_087184,2022,2,12,0,12/2/2022,
BOM_087184,2022,2,13,0,13/2/2022,
BOM_087184,2022,2,14,0,14/2/2022,
BOM_087184,2022,2,15,0,15/2/2022,
BOM_087184,2022,2,16,0,16/2/2022,
BOM_087184,2022,2,17,0,17/2/2022,
BOM_087184,2022,2,18,0,18/2/2022,
BOM_087184,2022,2,19,0.8,19/2/2022,
BOM_087184,2022,2,20,0,20/2/2022,
BOM_087184,2022,2,21,0,21/2/2022,
BOM_087184,2022,2,22,0,22/2/2022,
BOM_087184,2022,2,23,0,23/2/2022,
BOM_087184,2022,2,24,0,24/2/2022,
BOM_087184,2022,2,25,0,25/2/2022,
BOM_087184,2022,2,26,0,26/2/2022,
BOM_087184,2022,2,27,0,27/2/2022,
BOM_087184,2022,2,28,0,28/2/2022,
BOM_087184,2022,3,1,0,1/3/2022,
BOM_087184,2022,3,2,8.4,2/3/2022,
BOM_087184,2022,3,3,0,3/3/2022,
BOM_087184,2022,3,4,0,4/3/2022,
BOM_087184,2022,3,5,23.4,5/3/2022,
BOM_087184,2022,3,6,1.2,6/3/2022,
BOM_087184,2022,3,7,0.4,7/3/2022,
BOM_087184,2022,3,8,0.4,8/3/2022,
BOM_087184,2022,3,9,0,9/3/2022,
BOM_087184,2022,3,10,0,10/3/2022,
BOM_087184,2022,3,11,0,11/3/2022,
BOM_087184,2022,3,12,,12/3/2022,
BOM_087184,2022,3,13,0,13/3/2022,
BOM_087184,2022,3,14,1.8,14/3/2022,
BOM_087184,2022,3,15,0,15/3/2022,
BOM_087184,2022,3,16,3.8,16/3/2022,
BOM_087184,2022,3,17,0,17/3/2022,
BOM_087184,2022,3,18,0,18/3/2022,
BOM_087184,2022,3,19,0.2,19/3/2022,
BOM_087184,2022,3,20,0,20/3/2022,
BOM_087184,2022,3,21,0,21/3/2022,
BOM_087184,2022,3,22,0,22/3/2022,
BOM_087184,2022,3,23,0.2,23/3/2022,
BOM_087184,2022,3,24,0,24/3/2022,
BOM_087184,2022,3,25,0,25/3/2022,
BOM_087184,2022,3,26,0,26/3/2022,
BOM_087184,2022,3,27,0,27/3/2022,
BOM_087184,2022,3,28,0,28/3/2022,
BOM_087184,2022,3,29,0,29/3/2022,
BOM_087184,2022,3,30,0,30/3/2022,
BOM_087184,2022,3,31,0,31/3/2022,
BOM_087184,2022,4,1,3.8,1/4/2022,
BOM_087184,2022,4,2,0,2/4/2022,
BOM_087184,2022,4,3,0.8,3/4/2022,
BOM_087184,2022,4,4,0.2,4/4/2022,
BOM_087184,2022,4,5,,5/4/2022,
BOM_087184,2022,4,6,0,6/4/2022,
BOM_087184,2022,4,7,0,7/4/2022,
BOM_087184,2022,4,8,0,8/4/2022,
BOM_087184,2022,4,9,0,9/4/2022,
BOM_087184,2022,4,10,0,10/4/2022,
BOM_087184,2022,4,11,0,11/4/2022,
BOM_087184,2022,4,12,0,12/4/2022,
BOM_087184,2022,4,13,0.2,13/4/2022,
BOM_087184,2022,4,14,0.2,14/4/2022,
BOM_087184,2022,4,15,0,15/4/2022,
BOM_087184,2022,4,16,0,16/4/2022,
BOM_087184,2022,4,17,0,17/4/2022,
BOM_087184,2022,4,18,11.8,18/4/2022,
BOM_087184,2022,4,19,10.8,19/4/2022,
BOM_087184,2022,4,20,4,20/4/2022,
BOM_087184,2022,4,21,0.2,21/4/2022,
BOM_087184,2022,4,22,0.4,22/4/2022,
BOM_087184,2022,4,23,0,23/4/2022,
BOM_087184,2022,4,24,,24/4/2022,
BOM_087184,2022,4,25,0,25/4/2022,
BOM_087184,2022,4,26,0,26/4/2022,
BOM_087184,2022,4,27,0.2,27/4/2022,
BOM_087184,2022,4,28,0,28/4/2022,
BOM_087184,2022,4,29,0,29/4/2022,
BOM_087184,2022,4,30,37,30/4/2022,
BOM_087184,2022,5,1,0,1/5/2022,
BOM_087184,2022,5,2,0,2/5/2022,
BOM_087184,2022,5,3,0,3/5/2022,
BOM_087184,2022,5,4,0.4,4/5/2022,
BOM_087184,2022,5,5,0.4,5/5/2022,
BOM_087184,2022,5,6,0,6/5/2022,
BOM_087184,2022,5,7,1.2,7/5/2022,
BOM_087184,2022,5,8,0,8/5/2022,
BOM_087184,2022,5,9,0.2,9/5/2022,
BOM_087184,2022,5,10,0.2,10/5/2022,
BOM_087184,2022,5,11,0,11/5/2022,
BOM_087184,2022,5,12,0,12/5/2022,
BOM_087184,2022,5,13,0.4,13/5/2022,
BOM_087184,2022,5,14,0.4,14/5/2022,
BOM_087184,2022,5,15,0.8,15/5/2022,
BOM_087184,2022,5,16,0,16/5/2022,
BOM_087184,2022,5,17,0,17/5/2022,
BOM_087184,2022,5,18,0.4,18/5/2022,
BOM_087184,2022,5,19,2.6,19/5/2022,
BOM_087184,2022,5,20,0,20/5/2022,
BOM_087184,2022,5,21,0,21/5/2022,
BOM_087184,2022,5,22,0,22/5/2022,
BOM_087184,2022,5,23,0.2,23/5/2022,
BOM_087184,2022,5,24,0,24/5/2022,
BOM_087184,2022,5,25,0,25/5/2022,
BOM_087184,2022,5,26,5.4,26/5/2022,
BOM_087184,2022,5,27,0,27/5/2022,
BOM_087184,2022,5,28,0.2,28/5/2022,
BOM_087184,2022,5,29,0,29/5/2022,
BOM_087184,2022,5,30,0,30/5/2022,
BOM_087184,2022,5,31,2.8,31/5/2022,
BOM_087184,2022,6,1,7.8,1/6/2022,
BOM_087184,2022,6,2,2,2/6/2022,
BOM_087184,2022,6,3,0,3/6/2022,
BOM_087184,2022,6,4,0.2,4/6/2022,
BOM_087184,2022,6,5,5.8,5/6/2022,
BOM_087184,2022,6,6,0.4,6/6/2022,
BOM_087184,2022,6,7,2.4,7/6/2022,
BOM_087184,2022,6,8,0.6,8/6/2022,
BOM_087184,2022,6,9,0,9/6/2022,
BOM_087184,2022,6,10,0.4,10/6/2022,
BOM_087184,2022,6,11,0,11/6/2022,
BOM_087184,2022,6,12,0,12/6/2022,
BOM_087184,2022,6,13,3,13/6/2022,
BOM_087184,2022,6,14,0,14/6/2022,
BOM_087184,2022,6,15,3.4,15/6/2022,
BOM_087184,2022,6,16,0.8,16/6/2022,
BOM_087184,2022,6,17,3.2,17/6/2022,
BOM_087184,2022,6,18,0,18/6/2022,
BOM_087184,2022,6,19,0.4,19/6/2022,
BOM_087184,2022,6,20,0,20/6/2022,
BOM_087184,2022,6,21,4.8,21/6/2022,
BOM_087184,2022,6,22,0,22/6/2022,
BOM_087184,2022,6,23,0,23/6/2022,
BOM_087184,2022,6,24,1.8,24/6/2022,
BOM_087184,2022,6,25,0,25/6/2022,
BOM_087184,2022,6,26,0.4,26/6/2022,
BOM_087184,2022,6,27,1,27/6/2022,
BOM_087184,2022,6,28,0,28/6/2022,
BOM_087184,2022,6,29,0,29/6/2022,
BOM_087184,2022,6,30,0,30/6/2022,
BOM_087184,2022,7,1,0.2,1/7/2022,
BOM_087184,2022,7,2,0.2,2/7/2022,
BOM_087184,2022,7,3,0.8,3/7/2022,
BOM_087184,2022,7,4,0,4/7/2022,
BOM_087184,2022,7,5,0,5/7/2022,
BOM_087184,2022,7,6,0.2,6/7/2022,
BOM_087184,2022,7,7,0,7/7/2022,
BOM_087184,2022,7,8,1,8/7/2022,
BOM_087184,2022,7,9,5.8,9/7/2022,
BOM_087184,2022,7,10,1.6,10/7/2022,
BOM_087184,2022,7,11,0,11/7/2022,
BOM_087184,2022,7,12,2,12/7/2022,
BOM_087184,2022,7,13,2.6,13/7/2022,
BOM_087184,2022,7,14,1.8,14/7/2022,
BOM_087184,2022,7,15,0,15/7/2022,
BOM_087184,2022,7,16,0,16/7/2022,
BOM_087184,2022,7,17,0.4,17/7/2022,
BOM_087184,2022,7,18,4,18/7/2022,
BOM_087184,2022,7,19,2.2,19/7/2022,
BOM_087184,2022,7,20,0,20/7/2022,
BOM_087184,2022,7,21,0.2,21/7/2022,
BOM_087184,2022,7,22,0,22/7/2022,
BOM_087184,2022,7,23,1,23/7/2022,
BOM_087184,2022,7,24,11.6,24/7/2022,
BOM_087184,2022,7,25,0.2,25/7/2022,
BOM_087184,2022,7,26,7.8,26/7/2022,
BOM_087184,2022,7,27,2.4,27/7/2022,
BOM_087184,2022,7,28,0.4,28/7/2022,
BOM_087184,2022,7,29,2.4,29/7/2022,
BOM_087184,2022,7,30,0,30/7/2022,
BOM_087184,2022,7,31,0,31/7/2022,
BOM_087184,2022,8,1,0.4,1/8/2022,
BOM_087184,2022,8,2,0,2/8/2022,
BOM_087184,2022,8,3,0,3/8/2022,
BOM_087184,2022,8,4,0.2,4/8/2022,
BOM_087184,2022,8,5,0,5/8/2022,
BOM_087184,2022,8,6,2.6,6/8/2022,
BOM_087184,2022,8,7,0.2,7/8/2022,
BOM_087184,2022,8,8,0,8/8/2022,
BOM_087184,2022,8,9,0.2,9/8/2022,
BOM_087184,2022,8,10,0,10/8/2022,
BOM_087184,2022,8,11,0,11/8/2022,
BOM_087184,2022,8,12,0.6,12/8/2022,
BOM_087184,2022,8,13,18.6,13/8/2022,
BOM_087184,2022,8,14,0.2,14/8/2022,
BOM_087184,2022,8,15,0,15/8/2022,
BOM_087184,2022,8,16,7.4,16/8/2022,
BOM_087184,2022,8,17,0,17/8/2022,
BOM_087184,2022,8,18,1.2,18/8/2022,
BOM_087184,2022,8,19,1.8,19/8/2022,
BOM_087184,2022,8,20,2.8,20/8/2022,
BOM_087184,2022,8,21,0,21/8/2022,
BOM_087184,2022,8,22,0,22/8/2022,
BOM_087184,2022,8,23,7.2,23/8/2022,
BOM_087184,2022,8,24,0.2,24/8/2022,
BOM_087184,2022,8,25,0.8,25/8/2022,
BOM_087184,2022,8,26,1.4,26/8/2022,
BOM_087184,2022,8,27,0,27/8/2022,
BOM_087184,2022,8,28,0,28/8/2022,
BOM_087184,2022,8,29,0,29/8/2022,
BOM_087184,2022,8,30,10.6,30/8/2022,
BOM_087184,2022,8,31,0,31/8/2022,
BOM_087184,2022,9,1,0,1/9/2022,
BOM_087184,2022,9,2,2.8,2/9/2022,
BOM_087184,2022,9,3,1.8,3/9/2022,
BOM_087184,2022,9,4,0.8,4/9/2022,
BOM_087184,2022,9,5,0.4,5/9/2022,
BOM_087184,2022,9,6,0,6/9/2022,
BOM_087184,2022,9,7,0,7/9/2022,
BOM_087184,2022,9,8,2.2,8/9/2022,
BOM_087184,2022,9,9,2.6,9/9/2022,
BOM_087184,2022,9,10,2.6,10/9/2022,
BOM_087184,2022,9,11,0,11/9/2022,
BOM_087184,2022,9,12,1.4,12/9/2022,
BOM_087184,2022,9,13,0,13/9/2022,
BOM_087184,2022,9,14,0.2,14/9/2022,
BOM_087184,2022,9,15,9.2,15/9/2022,
BOM_087184,2022,9,16,0,16/9/2022,
BOM_087184,2022,9,17,5,17/9/2022,
BOM_087184,2022,9,18,2.2,18/9/2022,
BOM_087184,2022,9,19,4.2,19/9/2022,
BOM_087184,2022,9,20,0,20/9/2022,
BOM_087184,2022,9,21,1.2,21/9/2022,
BOM_087184,2022,9,22,0,22/9/2022,
BOM_087184,2022,9,23,0,23/9/2022,
BOM_087184,2022,9,24,3.6,24/9/2022,
BOM_087184,2022,9,25,0.2,25/9/2022,
BOM_087184,2022,9,26,0.8,26/9/2022,
BOM_087184,2022,9,27,0.6,27/9/2022,
BOM_087184,2022,9,28,4.2,28/9/2022,
BOM_087184,2022,9,29,0.2,29/9/2022,
BOM_087184,2022,9,30,0,30/9/2022,
BOM_087184,2022,10,1,0,1/10/2022,
BOM_087184,2022,10,2,0,2/10/2022,
BOM_087184,2022,10,3,0,3/10/2022,
BOM_087184,2022,10,4,0,4/10/2022,
BOM_087184,2022,10,5,0,5/10/2022,
BOM_087184,2022,10,6,7.4,6/10/2022,
BOM_087184,2022,10,7,14.8,7/10/2022,
BOM_087184,2022,10,8,7.6,8/10/2022,
BOM_087184,2022,10,9,0,9/10/2022,
BOM_087184,2022,10,10,0,10/10/2022,
BOM_087184,2022,10,11,0,11/10/2022,
BOM_087184,2022,10,12,0,12/10/2022,
BOM_087184,2022,10,13,20.8,13/10/2022,
BOM_087184,2022,10,14,28.4,14/10/2022,
BOM_087184,2022,10,15,2.2,15/10/2022,
BOM_087184,2022,10,16,1.6,16/10/2022,
BOM_087184,2022,10,17,0.2,17/10/2022,
BOM_087184,2022,10,18,0,18/10/2022,
BOM_087184,2022,10,19,0,19/10/2022,
BOM_087184,2022,10,20,0,20/10/2022,
BOM_087184,2022,10,21,0,21/10/2022,
BOM_087184,2022,10,22,46,22/10/2022,
BOM_087184,2022,10,23,0.2,23/10/2022,
BOM_087184,2022,10,24,4.2,24/10/2022,
BOM_087184,2022,10,25,3.4,25/10/2022,
BOM_087184,2022,10,26,5.2,26/10/2022,
BOM_087184,2022,10,27,1.8,27/10/2022,
BOM_087184,2022,10,28,0.2,28/10/2022,
BOM_087184,2022,10,29,1,29/10/2022,
BOM_087184,2022,10,30,0.8,30/10/2022,
BOM_087184,2022,10,31,2.6,31/10/2022,
BOM_087184,2022,11,1,2.2,1/11/2022,
BOM_087184,2022,11,2,1.4,2/11/2022,
BOM_087184,2022,11,3,0.6,3/11/2022,
BOM_087184,2022,11,4,0,4/11/2022,
BOM_087184,2022,11,5,0,5/11/2022,
BOM_087184,2022,11,6,0,6/11/2022,
BOM_087184,2022,11,7,0,7/11/2022,
BOM_087184,2022,11,8,0,8/11/2022,
BOM_087184,2022,11,9,0,9/11/2022,
BOM_087184,2022,11,10,0.2,10/11/2022,
BOM_087184,2022,11,11,6.8,11/11/2022,
BOM_087184,2022,11,12,0,12/11/2022,
BOM_087184,2022,11,13,0.6,13/11/2022,
BOM_087184,2022,11,14,34,14/11/2022,
BOM_087184,2022,11,15,8.6,15/11/2022,
BOM_087184,2022,11,16,2.4,16/11/2022,
BOM_087184,2022,11,17,1,17/11/2022,
BOM_087184,2022,11,18,0,18/11/2022,
BOM_087184,2022,11,19,0,19/11/2022,
BOM_087184,2022,11,20,19.6,20/11/2022,
BOM_087184,2022,11,21,4,21/11/2022,
BOM_087184,2022,11,22,5.6,22/11/2022,
BOM_087184,2022,11,23,0.6,23/11/2022,
BOM_087184,2022,11,24,0,24/11/2022,
BOM_087184,2022,11,25,0,25/11/2022,
BOM_087184,2022,11,26,0,26/11/2022,
BOM_087184,2022,11,27,0.6,27/11/2022,
BOM_087184,2022,11,28,0.2,28/11/2022,
BOM_087184,2022,11,29,0.2,29/11/2022,
BOM_087184,2022,11,30,0,30/11/2022,
BOM_087184,2022,12,1,0.2,1/12/2022,
BOM_087184,2022,12,2,0.2,2/12/2022,
BOM_087184,2022,12,3,0,3/12/2022,
BOM_087184,2022,12,4,0,4/12/2022,
BOM_087184,2022,12,5,0,5/12/2022,
BOM_087184,2022,12,6,0,6/12/2022,
BOM_087184,2022,12,7,0,7/12/2022,
BOM_087184,2022,12,8,0.2,8/12/2022,
BOM_087184,2022,12,9,0,9/12/2022,
BOM_087184,2022,12,10,0,10/12/2022,
BOM_087184,2022,12,11,0.2,11/12/2022,
BOM_087184,2022,12,12,15,12/12/2022,
BOM_087184,2022,12,13,1,13/12/2022,
BOM_087184,2022,12,14,10,14/12/2022,
BOM_087184,2022,12,15,1.2,15/12/2022,
BOM_087184,2022,12,16,0,16/12/2022,
BOM_087184,2022,12,17,0,17/12/2022,
BOM_087184,2022,12,18,0,18/12/2022,
BOM_087184,2022,12,19,0,19/12/2022,
BOM_087184,2022,12,20,0,20/12/2022,
BOM_087184,2022,12,21,0,21/12/2022,
BOM_087184,2022,12,22,1.4,22/12/2022,
BOM_087184,2022,12,23,3.2,23/12/2022,
BOM_087184,2022,12,24,0,24/12/2022,
BOM_087184,2022,12,25,0,25/12/2022,
BOM_087184,2022,12,26,0,26/12/2022,
BOM_087184,2022,12,27,0,27/12/2022,
BOM_087184,2022,12,28,0,28/12/2022,
BOM_087184,2022,12,29,0.2,29/12/2022,
BOM_087184,2022,12,30,0,30/12/2022,
BOM_087184,2022,12,31,0,31/12/2022,
BOM_087184,2023,1,1,0,1/1/2023,
BOM_087184,2023,1,2,0,2/1/2023,
BOM_087184,2023,1,3,0,3/1/2023,
BOM_087184,2023,1,4,0,4/1/2023,
BOM_087184,2023,1,5,0,5/1/2023,
BOM_087184,2023,1,6,0,6/1/2023,
BOM_087184,2023,1,7,0,7/1/2023,
BOM_087184,2023,1,8,0,8/1/2023,
BOM_087184,2023,1,9,0,9/1/2023,
BOM_087184,2023,1,10,0,10/1/2023,
BOM_087184,2023,1,11,0,11/1/2023,
BOM_087184,2023,1,12,0,12/1/2023,
BOM_087184,2023,1,13,0,13/1/2023,
BOM_087184,2023,1,14,0,14/1/2023,
BOM_087184,2023,1,15,0,15/1/2023,
BOM_087184,2023,1,16,0,16/1/2023,
BOM_087184,2023,1,17,0,17/1/2023,
BOM_087184,2023,1,18,2.2,18/1/2023,
BOM_087184,2023,1,19,0,19/1/2023,
BOM_087184,2023,1,20,0,20/1/2023,
BOM_087184,2023,1,21,0,21/1/2023,
BOM_087184,2023,1,22,0,22/1/2023,
BOM_087184,2023,1,23,0,23/1/2023,
BOM_087184,2023,1,24,0,24/1/2023,
BOM_087184,2023,1,25,24.6,25/1/2023,
BOM_087184,2023,1,26,0,26/1/2023,
BOM_087184,2023,1,27,0,27/1/2023,
BOM_087184,2023,1,28,0.2,28/1/2023,
BOM_087184,2023,1,29,0.8,29/1/2023,
BOM_087184,2023,1,30,0,30/1/2023,
BOM_087184,2023,1,31,0,31/1/2023,
BOM_087184,2023,2,1,0,1/2/2023,
BOM_087184,2023,2,2,0,2/2/2023,
BOM_087184,2023,2,3,7.4,3/2/2023,
BOM_087184,2023,2,4,2.6,4/2/2023,
BOM_087184,2023,2,5,0,5/2/2023,
BOM_087184,2023,2,6,0,6/2/2023,
BOM_087184,2023,2,7,0,7/2/2023,
BOM_087184,2023,2,8,0,8/2/2023,
BOM_087184,2023,2,9,0,9/2/2023,
BOM_087184,2023,2,10,0,10/2/2023,
BOM_087184,2023,2,11,0,11/2/2023,
BOM_087184,2023,2,12,0,12/2/2023,
BOM_087184,2023,2,13,0,13/2/2023,
BOM_087184,2023,2,14,0,14/2/2023,
BOM_087184,2023,2,15,0,15/2/2023,
BOM_087184,2023,2,16,0,16/2/2023,
BOM_087184,2023,2,17,0,17/2/2023,
BOM_087184,2023,2,18,0,18/2/2023,
BOM_087184,2023,2,19,0,19/2/2023,
BOM_087184,2023,2,20,0,20/2/2023,
BOM_087184,2023,2,21,0,21/2/2023,
BOM_087184,2023,2,22,0,22/2/2023,
BOM_087184,2023,2,23,0,23/2/2023,
BOM_087184,2023,2,24,0,24/2/2023,
BOM_087184,2023,2,25,0,25/2/2023,
BOM_087184,2023,2,26,3,26/2/2023,
BOM_087184,2023,2,27,2.8,27/2/2023,
BOM_087184,2023,2,28,0,28/2/2023,
BOM_087184,2023,3,1,0,1/3/2023,
BOM_087184,2023,3,2,0,2/3/2023,
BOM_087184,2023,3,3,0,3/3/2023,
BOM_087184,2023,3,4,0,4/3/2023,
BOM_087184,2023,3,5,0,5/3/2023,
BOM_087184,2023,3,6,1,6/3/2023,
BOM_087184,2023,3,7,0.2,7/3/2023,
BOM_087184,2023,3,8,0.8,8/3/2023,
BOM_087184,2023,3,9,0,9/3/2023,
BOM_087184,2023,3,10,0,10/3/2023,
BOM_087184,2023,3,11,0,11/3/2023,
BOM_087184,2023,3,12,0,12/3/2023,
BOM_087184,2023,3,13,0,13/3/2023,
BOM_087184,2023,3,14,0,14/3/2023,
BOM_087184,2023,3,15,0,15/3/2023,
BOM_087184,2023,3,16,0,16/3/2023,
BOM_087184,2023,3,17,0.2,17/3/2023,
BOM_087184,2023,3,18,0.2,18/3/2023,
BOM_087184,2023,3,19,0,19/3/2023,
BOM_087184,2023,3,20,0,20/3/2023,
BOM_087184,2023,3,21,0,21/3/2023,
BOM_087184,2023,3,22,0,22/3/2023,
BOM_087184,2023,3,23,2.8,23/3/2023,
BOM_087184,2023,3,24,0,24/3/2023,
BOM_087184,2023,3,25,0,25/3/2023,
BOM_087184,2023,3,26,0,26/3/2023,
BOM_087184,2023,3,27,0,27/3/2023,
BOM_087184,2023,3,28,6.6,28/3/2023,
BOM_087184,2023,3,29,0.2,29/3/2023,
BOM_087184,2023,3,30,0.2,30/3/2023,
BOM_087184,2023,3,31,0,31/3/2023,
BOM_087184,2023,4,1,1.2,1/4/2023,
BOM_087184,2023,4,2,1,2/4/2023,
BOM_087184,2023,4,3,0,3/4/2023,
BOM_087184,2023,4,4,0,4/4/2023,
BOM_087184,2023,4,5,0,5/4/2023,
BOM_087184,2023,4,6,0,6/4/2023,
BOM_087184,2023,4,7,4.6,7/4/2023,
BOM_087184,2023,4,8,4.6,8/4/2023,
BOM_087184,2023,4,9,0.2,9/4/2023,
BOM_087184,2023,4,10,3,10/4/2023,
BOM_087184,2023,4,11,1.8,11/4/2023,
BOM_087184,2023,4,12,11,12/4/2023,
BOM_087184,2023,4,13,2.2,13/4/2023,
BOM_087184,2023,4,14,0,14/4/2023,
BOM_087184,2023,4,15,0.2,15/4/2023,
BOM_087184,2023,4,16,23.6,16/4/2023,
BOM_087184,2023,4,17,1.8,17/4/2023,
BOM_087184,2023,4,18,0,18/4/2023,
BOM_087184,2023,4,19,0,19/4/2023,
BOM_087184,2023,4,20,0.2,20/4/2023,
BOM_087184,2023,4,21,0,21/4/2023,
BOM_087184,2023,4,22,0,22/4/2023,
BOM_087184,2023,4,23,0,23/4/2023,
BOM_087184,2023,4,24,0,24/4/2023,
BOM_087184,2023,4,25,0.2,25/4/2023,
BOM_087184,2023,4,26,0,26/4/2023,
BOM_087184,2023,4,27,2.6,27/4/2023,
BOM_087184,2023,4,28,1,28/4/2023,
BOM_087184,2023,4,29,0.4,29/4/2023,
BOM_087184,2023,4,30,0,30/4/2023,
BOM_087184,2023,5,1,0,1/5/2023,
BOM_087184,2023,5,2,0,2/5/2023,
BOM_087184,2023,5,3,12.4,3/5/2023,
BOM_087184,2023,5,4,2.2,4/5/2023,
BOM_087184,2023,5,5,0,5/5/2023,
BOM_087184,2023,5,6,5.2,6/5/2023,
BOM_087184,2023,5,7,5.2,7/5/2023,
BOM_087184,2023,5,8,1.6,8/5/2023,
BOM_087184,2023,5,9,0.2,9/5/2023,
BOM_087184,2023,5,10,0.4,10/5/2023,
BOM_087184,2023,5,11,0,11/5/2023,
BOM_087184,2023,5,12,0,12/5/2023,
BOM_087184,2023,5,13,0,13/5/2023,
BOM_087184,2023,5,14,0,14/5/2023,
BOM_087184,2023,5,15,0,15/5/2023,
BOM_087184,2023,5,16,0.8,16/5/2023,
BOM_087184,2023,5,17,0,17/5/2023,
BOM_087184,2023,5,18,0.4,18/5/2023,
BOM_087184,2023,5,19,0,19/5/2023,
BOM_087184,2023,5,20,2.2,20/5/2023,
BOM_087184,2023,5,21,0.8,21/5/2023,
BOM_087184,2023,5,22,0,22/5/2023,
BOM_087184,2023,5,23,0,23/5/2023,
BOM_087184,2023,5,24,0,24/5/2023,
BOM_087184,2023,5,25,0,25/5/2023,
BOM_087184,2023,5,26,2.8,26/5/2023,
BOM_087184,2023,5,27,0,27/5/2023,
BOM_087184,2023,5,28,3.8,28/5/2023,
BOM_087184,2023,5,29,1,29/5/2023,
BOM_087184,2023,5,30,0,30/5/2023,
BOM_087184,2023,5,31,0,31/5/2023,
BOM_087184,2023,6,1,0.4,1/6/2023,
BOM_087184,2023,6,2,0,2/6/2023,
BOM_087184,2023,6,3,6.2,3/6/2023,
BOM_087184,2023,6,4,0.2,4/6/2023,
BOM_087184,2023,6,5,0,5/6/2023,
BOM_087184,2023,6,6,1,6/6/2023,
BOM_087184,2023,6,7,0.2,7/6/2023,
BOM_087184,2023,6,8,11.8,8/6/2023,
BOM_087184,2023,6,9,4.2,9/6/2023,
BOM_087184,2023,6,10,0,10/6/2023,
BOM_087184,2023,6,11,0,11/6/2023,
BOM_087184,2023,6,12,0,12/6/2023,
BOM_087184,2023,6,13,0,13/6/2023,
BOM_087184,2023,6,14,2.4,14/6/2023,
BOM_087184,2023,6,15,0.2,15/6/2023,
BOM_087184,2023,6,16,0,16/6/2023,
BOM_087184,2023,6,17,0,17/6/2023,
BOM_087184,2023,6,18,9.6,18/6/2023,
BOM_087184,2023,6,19,7.2,19/6/2023,
BOM_087184,2023,6,20,0.2,20/6/2023,
BOM_087184,2023,6,21,0.2,21/6/2023,
BOM_087184,2023,6,22,0,22/6/2023,
BOM_087184,2023,6,23,4.4,23/6/2023,
BOM_087184,2023,6,24,0,24/6/2023,
BOM_087184,2023,6,25,0.4,25/6/2023,
BOM_087184,2023,6,26,2.8,26/6/2023,
BOM_087184,2023,6,27,0.6,27/6/2023,
BOM_087184,2023,6,28,0.4,28/6/2023,
BOM_087184,2023,6,29,0.6,29/6/2023,
BOM_087184,2023,6,30,0,30/6/2023,
BOM_087184,2023,7,1,0,1/7/2023,
BOM_087184,2023,7,2,0.6,2/7/2023,
BOM_087184,2023,7,3,0,3/7/2023,
BOM_087184,2023,7,4,0.2,4/7/2023,
BOM_087184,2023,7,5,3.8,5/7/2023,
BOM_087184,2023,7,6,0,6/7/2023,
BOM_087184,2023,7,7,2.2,7/7/2023,
BOM_087184,2023,7,8,0.8,8/7/2023,
BOM_087184,2023,7,9,0,9/7/2023,
BOM_087184,2023,7,10,1,10/7/2023,
BOM_087184,2023,7,11,0,11/7/2023,
BOM_087184,2023,7,12,0,12/7/2023,
BOM_087184,2023,7,13,0,13/7/2023,
BOM_087184,2023,7,14,0,14/7/2023,
BOM_087184,2023,7,15,0,15/7/2023,
BOM_087184,2023,7,16,1.2,16/7/2023,
BOM_087184,2023,7,17,0.2,17/7/2023,
BOM_087184,2023,7,18,0,18/7/2023,
BOM_087184,2023,7,19,0.4,19/7/2023,
BOM_087184,2023,7,20,0,20/7/2023,
BOM_087184,2023,7,21,1.4,21/7/2023,
BOM_087184,2023,7,22,0,22/7/2023,
BOM_087184,2023,7,23,1.2,23/7/2023,
BOM_087184,2023,7,24,0.2,24/7/2023,
BOM_087184,2023,7,25,0,25/7/2023,
BOM_087184,2023,7,26,0,26/7/2023,
BOM_087184,2023,7,27,,27/7/2023,
BOM_087184,2023,7,28,5.2,28/7/2023,
BOM_087184,2023,7,29,0,29/7/2023,
BOM_087184,2023,7,30,,30/7/2023,
BOM_087184,2023,7,31,1,31/7/2023,
BOM_087184,2023,8,1,0.4,1/8/2023,
BOM_087184,2023,8,2,0.2,2/8/2023,
BOM_087184,2023,8,3,0,3/8/2023,
BOM_087184,2023,8,4,0,4/8/2023,
BOM_087184,2023,8,5,0,5/8/2023,
BOM_087184,2023,8,6,0.2,6/8/2023,
BOM_087184,2023,8,7,0,7/8/2023,
BOM_087184,2023,8,8,0.2,8/8/2023,
BOM_087184,2023,8,9,0,9/8/2023,
BOM_087184,2023,8,10,1.2,10/8/2023,
BOM_087184,2023,8,11,0,11/8/2023,
BOM_087184,2023,8,12,0,12/8/2023,
BOM_087184,2023,8,13,1.4,13/8/2023,
BOM_087184,2023,8,14,0.8,14/8/2023,
BOM_087184,2023,8,15,0.6,15/8/2023,
BOM_087184,2023,8,16,0,16/8/2023,
BOM_087184,2023,8,17,0.2,17/8/2023,
BOM_087184,2023,8,18,3,18/8/2023,
BOM_087184,2023,8,19,0.2,19/8/2023,
BOM_087184,2023,8,20,0,20/8/2023,
BOM_087184,2023,8,21,0,21/8/2023,
BOM_087184,2023,8,22,6.2,22/8/2023,
BOM_087184,2023,8,23,1.2,23/8/2023,
BOM_087184,2023,8,24,0.2,24/8/2023,
BOM_087184,2023,8,25,0,25/8/2023,
BOM_087184,2023,8,26,0,26/8/2023,
BOM_087184,2023,8,27,0,27/8/2023,
BOM_087184,2023,8,28,0,28/8/2023,
BOM_087184,2023,8,29,0.4,29/8/2023,
BOM_087184,2023,8,30,2.4,30/8/2023,
BOM_087184,2023,8,31,0,31/8/2023,
BOM_087184,2023,9,1,0.4,1/9/2023,
BOM_087184,2023,9,2,0.2,2/9/2023,
BOM_087184,2023,9,3,0,3/9/2023,
BOM_087184,2023,9,4,0,4/9/2023,
BOM_087184,2023,9,5,1.2,5/9/2023,
BOM_087184,2023,9,6,0.4,6/9/2023,
BOM_087184,2023,9,7,0,7/9/2023,
BOM_087184,2023,9,8,0.2,8/9/2023,
BOM_087184,2023,9,9,0.4,9/9/2023,
BOM_087184,2023,9,10,0,10/9/2023,
BOM_087184,2023,9,11,0,11/9/2023,
BOM_087184,2023,9,12,0,12/9/2023,
BOM_087184,2023,9,13,0,13/9/2023,
BOM_087184,2023,9,14,0,14/9/2023,
BOM_087184,2023,9,15,0,15/9/2023,
BOM_087184,2023,9,16,0,16/9/2023,
BOM_087184,2023,9,17,0,17/9/2023,
BOM_087184,2023,9,18,0,18/9/2023,
BOM_087184,2023,9,19,0,19/9/2023,
BOM_087184,2023,9,20,1,20/9/2023,
BOM_087184,2023,9,21,1.8,21/9/2023,
BOM_087184,2023,9,22,1.2,22/9/2023,
BOM_087184,2023,9,23,0,23/9/2023,
BOM_087184,2023,9,24,0,24/9/2023,
BOM_087184,2023,9,25,0,25/9/2023,
BOM_087184,2023,9,26,0,26/9/2023,
BOM_087184,2023,9,27,0,27/9/2023,
BOM_087184,2023,9,28,0,28/9/2023,
BOM_087184,2023,9,29,0,29/9/2023,
BOM_087184,2023,9,30,0,30/9/2023,
BOM_087184,2023,10,1,0,1/10/2023,
BOM_087184,2023,10,2,0,2/10/2023,
BOM_087184,2023,10,3,8.2,3/10/2023,
BOM_087184,2023,10,4,11,4/10/2023,
BOM_087184,2023,10,5,2.4,5/10/2023,
BOM_087184,2023,10,6,1.8,6/10/2023,
BOM_087184,2023,10,7,0.6,7/10/2023,
BOM_087184,2023,10,8,0,8/10/2023,
BOM_087184,2023,10,9,0,9/10/2023,
BOM_087184,2023,10,10,0,10/10/2023,
BOM_087184,2023,10,11,0,11/10/2023,
BOM_087184,2023,10,12,1.6,12/10/2023,
BOM_087184,2023,10,13,4.4,13/10/2023,
BOM_087184,2023,10,14,0.4,14/10/2023,
BOM_087184,2023,10,15,0,15/10/2023,
BOM_087184,2023,10,16,7.6,16/10/2023,
BOM_087184,2023,10,17,1,17/10/2023,
BOM_087184,2023,10,18,0,18/10/2023,
BOM_087184,2023,10,19,0,19/10/2023,
BOM_087184,2023,10,20,0,20/10/2023,
BOM_087184,2023,10,21,0,21/10/2023,
BOM_087184,2023,10,22,0.6,22/10/2023,
BOM_087184,2023,10,23,0.2,23/10/2023,
BOM_087184,2023,10,24,0,24/10/2023,
BOM_087184,2023,10,25,0,25/10/2023,
BOM_087184,2023,10,26,6.6,26/10/2023,
BOM_087184,2023,10,27,0,27/10/2023,
BOM_087184,2023,10,28,0,28/10/2023,
BOM_087184,2023,10,29,0,29/10/2023,
BOM_087184,2023,10,30,0,30/10/2023,
BOM_087184,2023,10,31,5.6,31/10/2023,
BOM_087184,2023,11,1,0,1/11/2023,
BOM_087184,2023,11,2,0,2/11/2023,
BOM_087184,2023,11,3,0,3/11/2023,
BOM_087184,2023,11,4,0,4/11/2023,
BOM_087184,2023,11,5,0,5/11/2023,
BOM_087184,2023,11,6,0,6/11/2023,
BOM_087184,2023,11,7,0,7/11/2023,
BOM_087184,2023,11,8,4.6,8/11/2023,
BOM_087184,2023,11,9,0,9/11/2023,
BOM_087184,2023,11,10,0,10/11/2023,
BOM_087184,2023,11,11,0,11/11/2023,
BOM_087184,2023,11,12,0,12/11/2023,
BOM_087184,2023,11,13,0,13/11/2023,
BOM_087184,2023,11,14,0,14/11/2023,
BOM_087184,2023,11,15,0,15/11/2023,
BOM_087184,2023,11,16,0,16/11/2023,
BOM_087184,2023,11,17,0,17/11/2023,
BOM_087184,2023,11,18,0,18/11/2023,
BOM_087184,2023,11,19,0,19/11/2023,
BOM_087184,2023,11,20,0,20/11/2023,
BOM_087184,2023,11,21,0,21/11/2023,
BOM_087184,2023,11,22,0,22/11/2023,
BOM_087184,2023,11,23,0,23/11/2023,
BOM_087184,2023,11,24,0,24/11/2023,
BOM_087184,2023,11,25,30.2,25/11/2023,
BOM_087184,2023,11,26,6.8,26/11/2023,
BOM_087184,2023,11,27,0.4,27/11/2023,
BOM_087184,2023,11,28,0.2,28/11/2023,
BOM_087184,2023,11,29,1.4,29/11/2023,
BOM_087184,2023,11,30,7.8,30/11/2023,
BOM_087184,2023,12,1,6.8,1/12/2023,
BOM_087184,2023,12,2,3.2,2/12/2023,
BOM_087184,2023,12,3,0.8,3/12/2023,
BOM_087184,2023,12,4,0,4/12/2023,
BOM_087184,2023,12,5,0,5/12/2023,
BOM_087184,2023,12,6,0,6/12/2023,
BOM_087184,2023,12,7,0,7/12/2023,
BOM_087184,2023,12,8,0.6,8/12/2023,
BOM_087184,2023,12,9,6.6,9/12/2023,
BOM_087184,2023,12,10,13.6,10/12/2023,
BOM_087184,2023,12,11,1.8,11/12/2023,
BOM_087184,2023,12,12,0.4,12/12/2023,
BOM_087184,2023,12,13,0.4,13/12/2023,
BOM_087184,2023,12,14,1.6,14/12/2023,
BOM_087184,2023,12,15,0,15/12/2023,
BOM_087184,2023,12,16,0,16/12/2023,
BOM_087184,2023,12,17,0,17/12/2023,
BOM_087184,2023,12,18,0,18/12/2023,
BOM_087184,2023,12,19,6.2,19/12/2023,
BOM_087184,2023,12,20,0,20/12/2023,
BOM_087184,2023,12,21,0,21/12/2023,
BOM_087184,2023,12,22,0,22/12/2023,
BOM_087184,2023,12,23,0,23/12/2023,
BOM_087184,2023,12,24,0,24/12/2023,
BOM_087184,2023,12,25,10.4,25/12/2023,
BOM_087184,2023,12,26,11.6,26/12/2023,
BOM_087184,2023,12,27,3.2,27/12/2023,
BOM_087184,2023,12,28,0.4,28/12/2023,
BOM_087184,2023,12,29,0,29/12/2023,
BOM_087184,2023,12,30,0,30/12/2023,
BOM_087184,2023,12,31,0.2,31/12/2023,
BOM_087184,2024,1,1,0,1/1/2024,
BOM_087184,2024,1,2,0,2/1/2024,
BOM_087184,2024,1,3,5.6,3/1/2024,
BOM_087184,2024,1,4,4.4,4/1/2024,
BOM_087184,2024,1,5,0,5/1/2024,
BOM_087184,2024,1,6,0,6/1/2024,
BOM_087184,2024,1,7,0,7/1/2024,
BOM_087184,2024,1,8,23.4,8/1/2024,
BOM_087184,2024,1,9,0.6,9/1/2024,
BOM_087184,2024,1,10,0.2,10/1/2024,
BOM_087184,2024,1,11,0,11/1/2024,
BOM_087184,2024,1,12,,12/1/2024,
BOM_087184,2024,1,13,0,13/1/2024,
BOM_087184,2024,1,14,0.6,14/1/2024,
BOM_087184,2024,1,15,0,15/1/2024,
BOM_087184,2024,1,16,0,16/1/2024,
BOM_087184,2024,1,17,13.2,17/1/2024,
BOM_087184,2024,1,18,3,18/1/2024,
BOM_087184,2024,1,19,0.6,19/1/2024,
BOM_087184,2024,1,20,0,20/1/2024,
BOM_087184,2024,1,21,0,21/1/2024,
BOM_087184,2024,1,22,0,22/1/2024,
BOM_087184,2024,1,23,0,23/1/2024,
BOM_087184,2024,1,24,0.2,24/1/2024,
BOM_087184,2024,1,25,0,25/1/2024,
BOM_087184,2024,1,26,0.4,26/1/2024,
BOM_087184,2024,1,27,0.2,27/1/2024,
BOM_087184,2024,1,28,0,28/1/2024,
BOM_087184,2024,1,29,0,29/1/2024,
BOM_087184,2024,1,30,0,30/1/2024,
BOM_087184,2024,1,31,0,31/1/2024,
BOM_087184,2024,2,1,0,1/2/2024,
BOM_087184,2024,2,2,0,2/2/2024,
BOM_087184,2024,2,3,0,3/2/2024,
BOM_087184,2024,2,4,0,4/2/2024,
BOM_087184,2024,2,5,0.4,5/2/2024,
BOM_087184,2024,2,6,0,6/2/2024,
BOM_087184,2024,2,7,0,7/2/2024,
BOM_087184,2024,2,8,0,8/2/2024,
BOM_087184,2024,2,9,0,9/2/2024,
BOM_087184,2024,2,10,0,10/2/2024,
BOM_087184,2024,2,11,0,11/2/2024,
BOM_087184,2024,2,12,0,12/2/2024,
BOM_087184,2024,2,13,0,13/2/2024,
BOM_087184,2024,2,14,0,14/2/2024,
BOM_087184,2024,2,15,,15/2/2024,
BOM_087184,2024,2,16,0,16/2/2024,
BOM_087184,2024,2,17,0,17/2/2024,
BOM_087184,2024,2,18,0,18/2/2024,
BOM_087184,2024,2,19,0,19/2/2024,
BOM_087184,2024,2,20,0,20/2/2024,
BOM_087184,2024,2,21,0,21/2/2024,
BOM_087184,2024,2,22,0,22/2/2024,
BOM_087184,2024,2,23,,23/2/2024,
BOM_087184,2024,2,24,0,24/2/2024,
BOM_087184,2024,2,25,0,25/2/2024,
BOM_087184,2024,2,26,0,26/2/2024,
BOM_087184,2024,2,27,0,27/2/2024,
BOM_087184,2024,2,28,0,28/2/2024,
BOM_087184,2024,2,29,0,29/2/2024,
BOM_087184,2024,3,1,0,1/3/2024,
BOM_087184,2024,3,2,0,2/3/2024,
BOM_087184,2024,3,3,0,3/3/2024,
BOM_087184,2024,3,4,0,4/3/2024,
BOM_087184,2024,3,5,,5/3/2024,
BOM_087184,2024,3,6,,6/3/2024,
BOM_087184,2024,3,7,0,7/3/2024,
BOM_087184,2024,3,8,0,8/3/2024,
BOM_087184,2024,3,9,0,9/3/2024,
BOM_087184,2024,3,10,0,10/3/2024,
BOM_087184,2024,3,11,0,11/3/2024,
BOM_087184,2024,3,12,0,12/3/2024,
BOM_087184,2024,3,13,1,13/3/2024,
BOM_087184,2024,3,14,0.2,14/3/2024,
BOM_087184,2024,3,15,0,15/3/2024,
BOM_087184,2024,3,16,0,16/3/2024,
BOM_087184,2024,3,17,0,17/3/2024,
BOM_087184,2024,3,18,0,18/3/2024,
BOM_087184,2024,3,19,0,19/3/2024,
BOM_087184,2024,3,20,0.2,20/3/2024,
BOM_087184,2024,3,21,0,21/3/2024,
BOM_087184,2024,3,22,0,22/3/2024,
BOM_087184,2024,3,23,1.2,23/3/2024,
BOM_087184,2024,3,24,0,24/3/2024,
BOM_087184,2024,3,25,0,25/3/2024,
BOM_087184,2024,3,26,0,26/3/2024,
BOM_087184,2024,3,27,0,27/3/2024,
BOM_087184,2024,3,28,1,28/3/2024,
BOM_087184,2024,3,29,0.2,29/3/2024,
BOM_087184,2024,3,30,0,30/3/2024,
BOM_087184,2024,3,31,0,31/3/2024,
BOM_087184,2024,4,1,0,1/4/2024,
BOM_087184,2024,4,2,40.8,2/4/2024,
BOM_087184,2024,4,3,0.2,3/4/2024,
BOM_087184,2024,4,4,0.4,4/4/2024,
BOM_087184,2024,4,5,0,5/4/2024,
BOM_087184,2024,4,6,0,6/4/2024,
BOM_087184,2024,4,7,0.2,7/4/2024,
BOM_087184,2024,4,8,1.2,8/4/2024,
BOM_087184,2024,4,9,6.2,9/4/2024,
BOM_087184,2024,4,10,0,10/4/2024,
BOM_087184,2024,4,11,0,11/4/2024,
BOM_087184,2024,4,12,0,12/4/2024,
BOM_087184,2024,4,13,0.4,13/4/2024,
BOM_087184,2024,4,14,0,14/4/2024,
BOM_087184,2024,4,15,0,15/4/2024,
BOM_087184,2024,4,16,0,16/4/2024,
BOM_087184,2024,4,17,2,17/4/2024,
BOM_087184,2024,4,18,1,18/4/2024,
BOM_087184,2024,4,19,3.4,19/4/2024,
BOM_087184,2024,4,20,0,20/4/2024,
BOM_087184,2024,4,21,0,21/4/2024,
BOM_087184,2024,4,22,0,22/4/2024,
BOM_087184,2024,4,23,0,23/4/2024,
BOM_087184,2024,4,24,3.4,24/4/2024,
BOM_087184,2024,4,25,0,25/4/2024,
BOM_087184,2024,4,26,0.2,26/4/2024,
BOM_087184,2024,4,27,0,27/4/2024,
BOM_087184,2024,4,28,0,28/4/2024,
BOM_087184,2024,4,29,0,29/4/2024,
BOM_087184,2024,4,30,0,30/4/2024,
BOM_087184,2024,5,1,0.8,1/5/2024,
BOM_087184,2024,5,2,0,2/5/2024,
BOM_087184,2024,5,3,0,3/5/2024,
BOM_087184,2024,5,4,0,4/5/2024,
BOM_087184,2024,5,5,0,5/5/2024,
BOM_087184,2024,5,6,0,6/5/2024,
BOM_087184,2024,5,7,0.2,7/5/2024,
BOM_087184,2024,5,8,0,8/5/2024,
BOM_087184,2024,5,9,0,9/5/2024,
BOM_087184,2024,5,10,10,10/5/2024,
BOM_087184,2024,5,11,0.2,11/5/2024,
BOM_087184,2024,5,12,0,12/5/2024,
BOM_087184,2024,5,13,0,13/5/2024,
BOM_087184,2024,5,14,0,14/5/2024,
BOM_087184,2024,5,15,0,15/5/2024,
BOM_087184,2024,5,16,0,16/5/2024,
BOM_087184,2024,5,17,0,17/5/2024,
BOM_087184,2024,5,18,4,18/5/2024,
BOM_087184,2024,5,19,0,19/5/2024,
BOM_087184,2024,5,20,1.8,20/5/2024,
BOM_087184,2024,5,21,2.4,21/5/2024,
BOM_087184,2024,5,22,0,22/5/2024,
BOM_087184,2024,5,23,0,23/5/2024,
BOM_087184,2024,5,24,0.2,24/5/2024,
BOM_087184,2024,5,25,0,25/5/2024,
BOM_087184,2024,5,26,0.2,26/5/2024,
BOM_087184,2024,5,27,0,27/5/2024,
BOM_087184,2024,5,28,0.2,28/5/2024,
BOM_087184,2024,5,29,0,29/5/2024,
BOM_087184,2024,5,30,0.2,30/5/2024,
BOM_087184,2024,5,31,1.6,31/5/2024,
BOM_087184,2024,6,1,0,1/6/2024,
BOM_087184,2024,6,2,0.4,2/6/2024,
BOM_087184,2024,6,3,0.6,3/6/2024,
BOM_087184,2024,6,4,0,4/6/2024,
BOM_087184,2024,6,5,0,5/6/2024,
BOM_087184,2024,6,6,0,6/6/2024,
BOM_087184,2024,6,7,0,7/6/2024,
BOM_087184,2024,6,8,,8/6/2024,
BOM_087184,2024,6,9,1.4,9/6/2024,
BOM_087184,2024,6,10,0.2,10/6/2024,
BOM_087184,2024,6,11,0.4,11/6/2024,
BOM_087184,2024,6,12,6,12/6/2024,
BOM_087184,2024,6,13,0.2,13/6/2024,
BOM_087184,2024,6,14,0.2,14/6/2024,
BOM_087184,2024,6,15,0,15/6/2024,
BOM_087184,2024,6,16,0,16/6/2024,
BOM_087184,2024,6,17,0,17/6/2024,
BOM_087184,2024,6,18,0,18/6/2024,
BOM_087184,2024,6,19,0,19/6/2024,
BOM_087184,2024,6,20,0,20/6/2024,
BOM_087184,2024,6,21,0.4,21/6/2024,
BOM_087184,2024,6,22,0.8,22/6/2024,
BOM_087184,2024,6,23,0,23/6/2024,
BOM_087184,2024,6,24,0.2,24/6/2024,
BOM_087184,2024,6,25,0,25/6/2024,
BOM_087184,2024,6,26,0,26/6/2024,
BOM_087184,2024,6,27,0,27/6/2024,
BOM_087184,2024,6,28,0,28/6/2024,
BOM_087184,2024,6,29,1.2,29/6/2024,
BOM_087184,2024,6,30,4.4,30/6/2024,
BOM_087184,2024,7,1,4.4,1/7/2024,
BOM_087184,2024,7,2,1.2,2/7/2024,
BOM_087184,2024,7,3,0,3/7/2024,
BOM_087184,2024,7,4,0.2,4/7/2024,
BOM_087184,2024,7,5,0,5/7/2024,
BOM_087184,2024,7,6,0,6/7/2024,
BOM_087184,2024,7,7,0,7/7/2024,
BOM_087184,2024,7,8,0,8/7/2024,
BOM_087184,2024,7,9,2.2,9/7/2024,
BOM_087184,2024,7,10,0.6,10/7/2024,
BOM_087184,2024,7,11,0,11/7/2024,
BOM_087184,2024,7,12,2.2,12/7/2024,
BOM_087184,2024,7,13,0.8,13/7/2024,
BOM_087184,2024,7,14,1.4,14/7/2024,
BOM_087184,2024,7,15,1.2,15/7/2024,
BOM_087184,2024,7,16,14,16/7/2024,
BOM_087184,2024,7,17,0.2,17/7/2024,
BOM_087184,2024,7,18,0.8,18/7/2024,
BOM_087184,2024,7,19,0,19/7/2024,
BOM_087184,2024,7,20,3.8,20/7/2024,
BOM_087184,2024,7,21,3.4,21/7/2024,
BOM_087184,2024,7,22,0,22/7/2024,
BOM_087184,2024,7,23,0,23/7/2024,
BOM_087184,2024,7,24,0,24/7/2024,
BOM_087184,2024,7,25,2.4,25/7/2024,
BOM_087184,2024,7,26,0,26/7/2024,
BOM_087184,2024,7,27,0,27/7/2024,
BOM_087184,2024,7,28,4.8,28/7/2024,
BOM_087184,2024,7,29,1.6,29/7/2024,
BOM_087184,2024,7,30,1,30/7/2024,
BOM_087184,2024,7,31,0,31/7/2024,
BOM_087184,2024,8,1,0,1/8/2024,
BOM_087184,2024,8,2,0.2,2/8/2024,
BOM_087184,2024,8,3,0,3/8/2024,
BOM_087184,2024,8,4,0,4/8/2024,
BOM_087184,2024,8,5,0.2,5/8/2024,
BOM_087184,2024,8,6,0,6/8/2024,
BOM_087184,2024,8,7,0,7/8/2024,
BOM_087184,2024,8,8,0,8/8/2024,
BOM_087184,2024,8,9,0,9/8/2024,
BOM_087184,2024,8,10,0,10/8/2024,
BOM_087184,2024,8,11,0,11/8/2024,
BOM_087184,2024,8,12,0,12/8/2024,
BOM_087184,2024,8,13,0,13/8/2024,
BOM_087184,2024,8,14,0,14/8/2024,
BOM_087184,2024,8,15,0,15/8/2024,
BOM_087184,2024,8,16,1.4,16/8/2024,
BOM_087184,2024,8,17,5.2,17/8/2024,
BOM_087184,2024,8,18,0.4,18/8/2024,
BOM_087184,2024,8,19,0,19/8/2024,
BOM_087184,2024,8,20,0.4,20/8/2024,
BOM_087184,2024,8,21,2.4,21/8/2024,
BOM_087184,2024,8,22,0,22/8/2024,
BOM_087184,2024,8,23,0,23/8/2024,
BOM_087184,2024,8,24,4,24/8/2024,
BOM_087184,2024,8,25,0,25/8/2024,
BOM_087184,2024,8,26,0.4,26/8/2024,
BOM_087184,2024,8,27,0,27/8/2024,
BOM_087184,2024,8,28,1.4,28/8/2024,
BOM_087184,2024,8,29,0.6,29/8/2024,
BOM_087184,2024,8,30,1,30/8/2024,
BOM_087184,2024,8,31,0,31/8/2024,
BOM_087184,2024,9,1,0,1/9/2024,
BOM_087184,2024,9,2,4.6,2/9/2024,
BOM_087184,2024,9,3,4.2,3/9/2024,
BOM_087184,2024,9,4,0,4/9/2024,
BOM_087184,2024,9,5,0.6,5/9/2024,
BOM_087184,2024,9,6,2.8,6/9/2024,
BOM_087184,2024,9,7,2.6,7/9/2024,
BOM_087184,2024,9,8,1.2,8/9/2024,
BOM_087184,2024,9,9,2.4,9/9/2024,
BOM_087184,2024,9,10,0.2,10/9/2024,
BOM_087184,2024,9,11,0,11/9/2024,
BOM_087184,2024,9,12,0,12/9/2024,
BOM_087184,2024,9,13,0,13/9/2024,
BOM_087184,2024,9,14,3.6,14/9/2024,
BOM_087184,2024,9,15,2.8,15/9/2024,
BOM_087184,2024,9,16,0,16/9/2024,
BOM_087184,2024,9,17,2.6,17/9/2024,
BOM_087184,2024,9,18,0.2,18/9/2024,
BOM_087184,2024,9,19,1.4,19/9/2024,
BOM_087184,2024,9,20,0.8,20/9/2024,
BOM_087184,2024,9,21,4.4,21/9/2024,
BOM_087184,2024,9,22,0.4,22/9/2024,
BOM_087184,2024,9,23,0,23/9/2024,
BOM_087184,2024,9,24,1.8,24/9/2024,
BOM_087184,2024,9,25,6.4,25/9/2024,
BOM_087184,2024,9,26,3.4,26/9/2024,
BOM_087184,2024,9,27,0,27/9/2024,
BOM_087184,2024,9,28,0,28/9/2024,
BOM_087184,2024,9,29,3.4,29/9/2024,
BOM_087184,2024,9,30,2.4,30/9/2024,
BOM_087184,2024,10,1,0,1/10/2024,
BOM_087184,2024,10,2,,2/10/2024,
BOM_087184,2024,10,3,0,3/10/2024,
BOM_087184,2024,10,4,0,4/10/2024,
BOM_087184,2024,10,5,8.8,5/10/2024,
BOM_087184,2024,10,6,4,6/10/2024,
BOM_087184,2024,10,7,0,7/10/2024,
BOM_087184,2024,10,8,0.4,8/10/2024,
BOM_087184,2024,10,9,0,9/10/2024,
BOM_087184,2024,10,10,0,10/10/2024,
BOM_087184,2024,10,11,0,11/10/2024,
BOM_087184,2024,10,12,0,12/10/2024,
BOM_087184,2024,10,13,0,13/10/2024,
BOM_087184,2024,10,14,6,14/10/2024,
BOM_087184,2024,10,15,0,15/10/2024,
BOM_087184,2024,10,16,,16/10/2024,
BOM_087184,2024,10,17,2.2,17/10/2024,
BOM_087184,2024,10,18,12.2,18/10/2024,
BOM_087184,2024,10,19,69.2,19/10/2024,
BOM_087184,2024,10,20,0,20/10/2024,
BOM_087184,2024,10,21,0,21/10/2024,
BOM_087184,2024,10,22,0,22/10/2024,
BOM_087184,2024,10,23,0,23/10/2024,
BOM_087184,2024,10,24,0,24/10/2024,
BOM_087184,2024,10,25,0.2,25/10/2024,
BOM_087184,2024,10,26,0,26/10/2024,
BOM_087184,2024,10,27,0,27/10/2024,
BOM_087184,2024,10,28,0,28/10/2024,
BOM_087184,2024,10,29,0,29/10/2024,
BOM_087184,2024,10,30,0,30/10/2024,
BOM_087184,2024,10,31,0,31/10/2024,
BOM_087184,2024,11,1,0,1/11/2024,
BOM_087184,2024,11,2,0,2/11/2024,
BOM_087184,2024,11,3,0,3/11/2024,
BOM_087184,2024,11,4,0,4/11/2024,
BOM_087184,2024,11,5,0,5/11/2024,
BOM_087184,2024,11,6,0,6/11/2024,
BOM_087184,2024,11,7,0,7/11/2024,
BOM_087184,2024,11,8,3.6,8/11/2024,
BOM_087184,2024,11,9,0,9/11/2024,
BOM_087184,2024,11,10,0.2,10/11/2024,
BOM_087184,2024,11,11,0,11/11/2024,
BOM_087184,2024,11,12,,12/11/2024,
BOM_087184,2024,11,13,0.8,13/11/2024,
BOM_087184,2024,11,14,0,14/11/2024,
BOM_087184,2024,11,15,0,15/11/2024,
BOM_087184,2024,11,16,0,16/11/2024,
BOM_087184,2024,11,17,0,17/11/2024,
BOM_087184,2024,11,18,0.8,18/11/2024,
BOM_087184,2024,11,19,0,19/11/2024,
BOM_087184,2024,11,20,0,20/11/2024,
BOM_087184,2024,11,21,0,21/11/2024,
BOM_087184,2024,11,22,0,22/11/2024,
BOM_087184,2024,11,23,0,23/11/2024,
BOM_087184,2024,11,24,8.6,24/11/2024,
BOM_087184,2024,11,25,0,25/11/2024,
BOM_087184,2024,11,26,0,26/11/2024,
BOM_087184,2024,11,27,15.6,27/11/2024,
BOM_087184,2024,11,28,13.8,28/11/2024,
BOM_087184,2024,11,29,0.2,29/11/2024,
BOM_087184,2024,11,30,0.4,30/11/2024,
BOM_087184,2024,12,1,19.2,1/12/2024,
BOM_087184,2024,12,2,2.2,2/12/2024,
BOM_087184,2024,12,3,6.2,3/12/2024,
BOM_087184,2024,12,4,0,4/12/2024,
BOM_087184,2024,12,5,0,5/12/2024,
BOM_087184,2024,12,6,0,6/12/2024,
BOM_087184,2024,12,7,2.4,7/12/2024,
BOM_087184,2024,12,8,0.6,8/12/2024,
BOM_087184,2024,12,9,0,9/12/2024,
BOM_087184,2024,12,10,0,10/12/2024,
BOM_087184,2024,12,11,0,11/12/2024,
BOM_087184,2024,12,12,0,12/12/2024,
BOM_087184,2024,12,13,0,13/12/2024,
BOM_087184,2024,12,14,0,14/12/2024,
BOM_087184,2024,12,15,0,15/12/2024,
BOM_087184,2024,12,16,0,16/12/2024,
BOM_087184,2024,12,17,,17/12/2024,
BOM_087184,2024,12,18,0,18/12/2024,
BOM_087184,2024,12,19,0,19/12/2024,
BOM_087184,2024,12,20,0,20/12/2024,
BOM_087184,2024,12,21,0,21/12/2024,
BOM_087184,2024,12,22,0,22/12/2024,
BOM_087184,2024,12,23,3,23/12/2024,
BOM_087184,2024,12,24,0.2,24/12/2024,
BOM_087184,2024,12,25,0,25/12/2024,
BOM_087184,2024,12,26,0,26/12/2024,
BOM_087184,2024,12,27,0,27/12/2024,
BOM_087184,2024,12,28,0,28/12/2024,
BOM_087184,2024,12,29,2,29/12/2024,
BOM_087184,2024,12,30,0.2,30/12/2024,
BOM_087184,2024,12,31,0,31/12/2024,
BOM_087184,2025,1,1,0,1/1/2025,
BOM_087184,2025,1,2,0,2/1/2025,
BOM_087184,2025,1,3,0,3/1/2025,
BOM_087184,2025,1,4,0,4/1/2025,
BOM_087184,2025,1,5,0,5/1/2025,
BOM_087184,2025,1,6,,6/1/2025,
BOM_087184,2025,1,7,10.4,7/1/2025,
BOM_087184,2025,1,8,0,8/1/2025,
BOM_087184,2025,1,9,0,9/1/2025,
BOM_087184,2025,1,10,0,10/1/2025,
BOM_087184,2025,1,11,0,11/1/2025,
BOM_087184,2025,1,12,,12/1/2025,
BOM_087184,2025,1,13,6.6,13/1/2025,
BOM_087184,2025,1,14,0,14/1/2025,
BOM_087184,2025,1,15,0,15/1/2025,
BOM_087184,2025,1,16,0,16/1/2025,
BOM_087184,2025,1,17,0.4,17/1/2025,
BOM_087184,2025,1,18,0,18/1/2025,
BOM_087184,2025,1,19,0,19/1/2025,
BOM_087184,2025,1,20,0,20/1/2025,
BOM_087184,2025,1,21,0,21/1/2025,
BOM_087184,2025,1,22,0,22/1/2025,
BOM_087184,2025,1,23,0,23/1/2025,
BOM_087184,2025,1,24,0,24/1/2025,
BOM_087184,2025,1,25,0,25/1/2025,
BOM_087184,2025,1,26,0,26/1/2025,
BOM_087184,2025,1,27,0,27/1/2025,
BOM_087184,2025,1,28,0.6,28/1/2025,
BOM_087184,2025,1,29,0,29/1/2025,
BOM_087184,2025,1,30,0,30/1/2025,
BOM_087184,2025,1,31,0,31/1/2025,
BOM_087184,2025,2,1,0,1/2/2025,
BOM_087184,2025,2,2,0,2/2/2025,
BOM_087184,2025,2,3,47.4,3/2/2025,
BOM_087184,2025,2,4,0,4/2/2025,
BOM_087184,2025,2,5,0,5/2/2025,
BOM_087184,2025,2,6,,6/2/2025,
BOM_087184,2025,2,7,0,7/2/2025,
BOM_087184,2025,2,8,0,8/2/2025,
BOM_087184,2025,2,9,0,9/2/2025,
BOM_087184,2025,2,10,0,10/2/2025,
BOM_087184,2025,2,11,0,11/2/2025,
BOM_087184,2025,2,12,0,12/2/2025,
BOM_087184,2025,2,13,0,13/2/2025,
BOM_087184,2025,2,14,0.8,14/2/2025,
BOM_087184,2025,2,15,0.8,15/2/2025,
BOM_087184,2025,2,16,9,16/2/2025,
BOM_087184,2025,2,17,0,17/2/2025,
BOM_087184,2025,2,18,0,18/2/2025,
BOM_087184,2025,2,19,0,19/2/2025,
BOM_087184,2025,2,20,0.2,20/2/2025,
BOM_087184,2025,2,21,0,21/2/2025,
BOM_087184,2025,2,22,0,22/2/2025,
BOM_087184,2025,2,23,1,23/2/2025,
BOM_087184,2025,2,24,0,24/2/2025,
BOM_087184,2025,2,25,0,25/2/2025,
BOM_087184,2025,2,26,0,26/2/2025,
BOM_087184,2025,2,27,0,27/2/2025,
BOM_087184,2025,2,28,0.2,28/2/2025,
BOM_087184,2025,3,1,0,1/3/2025,
BOM_087184,2025,3,2,0,2/3/2025,
BOM_087184,2025,3,3,0,3/3/2025,
BOM_087184,2025,3,4,0,4/3/2025,
BOM_087184,2025,3,5,0,5/3/2025,
BOM_087184,2025,3,6,0,6/3/2025,
BOM_087184,2025,3,7,0,7/3/2025,
BOM_087184,2025,3,8,0,8/3/2025,
BOM_087184,2025,3,9,0,9/3/2025,
BOM_087184,2025,3,10,0,10/3/2025,
BOM_087184,2025,3,11,0,11/3/2025,
BOM_087184,2025,3,12,0,12/3/2025,
BOM_087184,2025,3,13,0,13/3/2025,
BOM_087184,2025,3,14,0,14/3/2025,
BOM_087184,2025,3,15,0,15/3/2025,
BOM_087184,2025,3,16,2.6,16/3/2025,
BOM_087184,2025,3,17,2.2,17/3/2025,
BOM_087184,2025,3,18,0,18/3/2025,
BOM_087184,2025,3,19,0,19/3/2025,
BOM_087184,2025,3,20,0,20/3/2025,
BOM_087184,2025,3,21,15.4,21/3/2025,
BOM_087184,2025,3,22,0,22/3/2025,
BOM_087184,2025,3,23,0,23/3/2025,
BOM_087184,2025,3,24,0,24/3/2025,
BOM_087184,2025,3,25,0,25/3/2025,
BOM_087184,2025,3,26,0,26/3/2025,
BOM_087184,2025,3,27,0,27/3/2025,
BOM_087184,2025,3,28,0,28/3/2025,
BOM_087184,2025,3,29,0,29/3/2025,
BOM_087184,2025,3,30,0.2,30/3/2025,
BOM_087184,2025,3,31,2,31/3/2025,
BOM_087184,2025,4,1,0,1/4/2025,
BOM_087184,2025,4,2,0,2/4/2025,
BOM_087184,2025,4,3,0,3/4/2025,
BOM_087184,2025,4,4,0.6,4/4/2025,
BOM_087184,2025,4,5,0,5/4/2025,
BOM_087184,2025,4,6,,6/4/2025,
BOM_087184,2025,4,7,0.8,7/4/2025,
BOM_087184,2025,4,8,0,8/4/2025,
BOM_087184,2025,4,9,0,9/4/2025,
BOM_087184,2025,4,10,,10/4/2025,
BOM_087184,2025,4,11,0,11/4/2025,
BOM_087184,2025,4,12,0,12/4/2025,
BOM_087184,2025,4,13,0,13/4/2025,
BOM_087184,2025,4,14,0,14/4/2025,
BOM_087184,2025,4,15,0,15/4/2025,
BOM_087184,2025,4,16,0,16/4/2025,
BOM_087184,2025,4,17,0.4,17/4/2025,
BOM_087184,2025,4,18,0,18/4/2025,
BOM_087184,2025,4,19,0,19/4/2025,
BOM_087184,2025,4,20,0.8,20/4/2025,
BOM_087184,2025,4,21,0,21/4/2025,
BOM_087184,2025,4,22,0.8,22/4/2025,
BOM_087184,2025,4,23,0.2,23/4/2025,
BOM_087184,2025,4,24,0,24/4/2025,
BOM_087184,2025,4,25,1.4,25/4/2025,
BOM_087184,2025,4,26,10.4,26/4/2025,
BOM_087184,2025,4,27,0,27/4/2025,
BOM_087184,2025,4,28,0.6,28/4/2025,
BOM_087184,2025,4,29,4.4,29/4/2025,
BOM_087184,2025,4,30,7.8,30/4/2025,
BOM_087184,2025,5,1,0,1/5/2025,
BOM_087184,2025,5,2,0,2/5/2025,
BOM_087184,2025,5,3,0,3/5/2025,
BOM_087184,2025,5,4,0,4/5/2025,
BOM_087184,2025,5,5,0,5/5/2025,
BOM_087184,2025,5,6,0,6/5/2025,
BOM_087184,2025,5,7,1,7/5/2025,
BOM_087184,2025,5,8,1.4,8/5/2025,
BOM_087184,2025,5,9,0.2,9/5/2025,
BOM_087184,2025,5,10,0,10/5/2025,
BOM_087184,2025,5,11,0,11/5/2025,
BOM_087184,2025,5,12,0,12/5/2025,
BOM_087184,2025,5,13,0,13/5/2025,
BOM_087184,2025,5,14,0,14/5/2025,
BOM_087184,2025,5,15,0,15/5/2025,
BOM_087184,2025,5,16,0,16/5/2025,
BOM_087184,2025,5,17,2.6,17/5/2025,
BOM_087184,2025,5,18,5.6,18/5/2025,
BOM_087184,2025,5,19,0,19/5/2025,
BOM_087184,2025,5,20,0,20/5/2025,
BOM_087184,2025,5,21,0,21/5/2025,
BOM_087184,2025,5,22,0,22/5/2025,
BOM_087184,2025,5,23,0,23/5/2025,
BOM_087184,2025,5,24,7.4,24/5/2025,
BOM_087184,2025,5,25,0,25/5/2025,
BOM_087184,2025,5,26,0,26/5/2025,
BOM_087184,2025,5,27,0.4,27/5/2025,
BOM_087184,2025,5,28,2.4,28/5/2025,
BOM_087184,2025,5,29,0,29/5/2025,
BOM_087184,2025,5,30,0.2,30/5/2025,
BOM_087184,2025,5,31,0,31/5/2025,
BOM_087184,2025,6,1,0,1/6/2025,
BOM_087184,2025,6,2,0,2/6/2025,
BOM_087184,2025,6,3,2,3/6/2025,
BOM_087184,2025,6,4,4.6,4/6/2025,
BOM_087184,2025,6,5,0.4,5/6/2025,
BOM_087184,2025,6,6,0,6/6/2025,
BOM_087184,2025,6,7,0.8,7/6/2025,
BOM_087184,2025,6,8,29.6,8/6/2025,
BOM_087184,2025,6,9,19.4,9/6/2025,
BOM_087184,2025,6,10,8.8,10/6/2025,
BOM_087184,2025,6,11,0.8,11/6/2025,
BOM_087184,2025,6,12,0,12/6/2025,
BOM_087184,2025,6,13,0,13/6/2025,
BOM_087184,2025,6,14,0.2,14/6/2025,
BOM_087184,2025,6,15,0,15/6/2025,
BOM_087184,2025,6,16,0,16/6/2025,
BOM_087184,2025,6,17,2.2,17/6/2025,
BOM_087184,2025,6,18,0,18/6/2025,
BOM_087184,2025,6,19,0,19/6/2025,
BOM_087184,2025,6,20,0,20/6/2025,
BOM_087184,2025,6,21,0,21/6/2025,
BOM_087184,2025,6,22,0,22/6/2025,
BOM_087184,2025,6,23,0,23/6/2025,
BOM_087184,2025,6,24,0,24/6/2025,
BOM_087184,2025,6,25,6,25/6/2025,
BOM_087184,2025,6,26,7.6,26/6/2025,
BOM_087184,2025,6,27,0,27/6/2025,
BOM_087184,2025,6,28,0,28/6/2025,
BOM_087184,2025,6,29,0.4,29/6/2025,
BOM_087184,2025,6,30,6.6,30/6/2025,
BOM_087184,2025,7,1,4.4,1/7/2025,
BOM_087184,2025,7,2,0.2,2/7/2025,
BOM_087184,2025,7,3,0.8,3/7/2025,
BOM_087184,2025,7,4,0.2,4/7/2025,
BOM_087184,2025,7,5,0,5/7/2025,
BOM_087184,2025,7,6,0,6/7/2025,
BOM_087184,2025,7,7,0,7/7/2025,
BOM_087184,2025,7,8,0,8/7/2025,
BOM_087184,2025,7,9,0.2,9/7/2025,
BOM_087184,2025,7,10,0,10/7/2025,
BOM_087184,2025,7,11,1,11/7/2025,
BOM_087184,2025,7,12,1,12/7/2025,
BOM_087184,2025,7,13,0,13/7/2025,
BOM_087184,2025,7,14,2.2,14/7/2025,
BOM_087184,2025,7,15,0,15/7/2025,
BOM_087184,2025,7,16,0.2,16/7/2025,
BOM_087184,2025,7,17,0.6,17/7/2025,
BOM_087184,2025,7,18,1,18/7/2025,
BOM_087184,2025,7,19,0,19/7/2025,
BOM_087184,2025,7,20,0.8,20/7/2025,
BOM_087184,2025,7,21,0,21/7/2025,
BOM_087184,2025,7,22,0,22/7/2025,
BOM_087184,2025,7,23,0,23/7/2025,
BOM_087184,2025,7,24,0,24/7/2025,
BOM_087184,2025,7,25,0,25/7/2025,
BOM_087184,2025,7,26,0.6,26/7/2025,
BOM_087184,2025,7,27,4.8,27/7/2025,
BOM_087184,2025,7,28,0.6,28/7/2025,
BOM_087184,2025,7,29,0.4,29/7/2025,
BOM_087184,2025,7,30,3,30/7/2025,
BOM_087184,2025,7,31,0,31/7/2025,
BOM_087184,2025,8,1,0,1/8/2025,
BOM_087184,2025,8,2,0,2/8/2025,
BOM_087184,2025,8,3,0,3/8/2025,
BOM_087184,2025,8,4,0,4/8/2025,
BOM_087184,2025,8,5,1,5/8/2025,
BOM_087184,2025,8,6,1.2,6/8/2025,
BOM_087184,2025,8,7,0,7/8/2025,
BOM_087184,2025,8,8,0.8,8/8/2025,
BOM_087184,2025,8,9,0,9/8/2025,
BOM_087184,2025,8,10,0,10/8/2025,
BOM_087184,2025,8,11,0,11/8/2025,
BOM_087184,2025,8,12,0.2,12/8/2025,
BOM_087184,2025,8,13,2.4,13/8/2025,
BOM_087184,2025,8,14,0,14/8/2025,
BOM_087184,2025,8,15,0,15/8/2025,
BOM_087184,2025,8,16,1.8,16/8/2025,
BOM_087184,2025,8,17,1.8,17/8/2025,
BOM_087184,2025,8,18,0,18/8/2025,
BOM_087184,2025,8,19,0,19/8/2025,
BOM_087184,2025,8,20,0.2,20/8/2025,
BOM_087184,2025,8,21,0,21/8/2025,
BOM_087184,2025,8,22,0,22/8/2025,
BOM_087184,2025,8,23,0.2,23/8/2025,
BOM_087184,2025,8,24,0,24/8/2025,
BOM_087184,2025,8,25,0,25/8/2025,
BOM_087184,2025,8,26,0.8,26/8/2025,
BOM_087184,2025,8,27,6.6,27/8/2025,
BOM_087184,2025,8,28,0.8,28/8/2025,
BOM_087184,2025,8,29,1.2,29/8/2025,
BOM_087184,2025,8,30,18.4,30/8/2025,
BOM_087184,2025,8,31,1.2,31/8/2025,
BOM_087184,2025,9,1,0.6,1/9/2025,
BOM_087184,2025,9,2,4.8,2/9/2025,
BOM_087184,2025,9,3,4.8,3/9/2025,
BOM_087184,2025,9,4,1,4/9/2025,
BOM_087184,2025,9,5,0.4,5/9/2025,
BOM_087184,2025,9,6,0,6/9/2025,
BOM_087184,2025,9,7,0,7/9/2025,
BOM_087184,2025,9,8,0.2,8/9/2025,
BOM_087184,2025,9,9,0.2,9/9/2025,
BOM_087184,2025,9,10,0.2,10/9/2025,
BOM_087184,2025,9,11,3.4,11/9/2025,
BOM_087184,2025,9,12,0.4,12/9/2025,
BOM_087184,2025,9,13,0.6,13/9/2025,
BOM_087184,2025,9,14,0.2,14/9/2025,
BOM_087184,2025,9,15,0,15/9/2025,
BOM_087184,2025,9,16,0,16/9/2025,
BOM_087184,2025,9,17,1.4,17/9/2025,
BOM_087184,2025,9,18,0.2,18/9/2025,
BOM_087184,2025,9,19,0,19/9/2025,
BOM_087184,2025,9,20,3,20/9/2025,
BOM_087184,2025,9,21,0,21/9/2025,
BOM_087184,2025,9,22,0.6,22/9/2025,
BOM_087184,2025,9,23,0.2,23/9/2025,
BOM_087184,2025,9,24,0,24/9/2025,
BOM_087184,2025,9,25,0,25/9/2025,
BOM_087184,2025,9,26,0,26/9/2025,
BOM_087184,2025,9,27,3,27/9/2025,
BOM_087184,2025,9,28,3.4,28/9/2025,
BOM_087184,2025,9,29,0,29/9/2025,
BOM_087184,2025,9,30,2.8,30/9/2025,
BOM_087184,2025,10,1,1.6,1/10/2025,
BOM_087184,2025,10,2,5.4,2/10/2025,
BOM_087184,2025,10,3,0.6,3/10/2025,
